-- phpMyAdmin SQL Dump
-- version 5.0.2
-- https://www.phpmyadmin.net/
--
-- Host: localhost:3306
-- Generation Time: Apr 06, 2020 at 12:10 AM
-- Server version: 5.7.29-0ubuntu0.18.04.1
-- PHP Version: 7.2.24-0ubuntu0.18.04.3

SET SQL_MODE = "NO_AUTO_VALUE_ON_ZERO";
START TRANSACTION;
SET time_zone = "+00:00";


/*!40101 SET @OLD_CHARACTER_SET_CLIENT=@@CHARACTER_SET_CLIENT */;
/*!40101 SET @OLD_CHARACTER_SET_RESULTS=@@CHARACTER_SET_RESULTS */;
/*!40101 SET @OLD_COLLATION_CONNECTION=@@COLLATION_CONNECTION */;
/*!40101 SET NAMES utf8mb4 */;

--
-- Database: `notify`
--

-- --------------------------------------------------------

--
-- Table structure for table `body_styles`
--

CREATE TABLE `body_styles` (
  `name` varchar(50) DEFAULT NULL,
  `autoplius_id` int(11) DEFAULT NULL,
  `autobilis_id` int(11) DEFAULT NULL,
  `id` int(11) NOT NULL
) ENGINE=InnoDB DEFAULT CHARSET=utf8;

--
-- Dumping data for table `body_styles`
--

INSERT INTO `body_styles` (`name`, `autoplius_id`, `autobilis_id`, `id`) VALUES
('Coupe', 1, 5, 6),
('Hečbekas', 2, 1, 2),
('Kabrioletas', 3, 7, 7),
('Sedanas', 4, 0, 1),
('Universalas', 5, 2, 3),
('Vienatūris', 6, 3, 5),
('Visureigis', 7, 4, 4),
('Keleivinis mikroautobusas', 28055, NULL, 9),
('Kombi mikroautobusas', NULL, NULL, 10),
('Krovininis mikroautobusas', NULL, NULL, 11),
('Komercinis auto(su būda)', 9, 6, 12),
('Pikapas', 10, 8, 13),
('Limuzinas', 16098, NULL, 14),
('Savadarbis auto', NULL, NULL, 15),
('Kita', 8, 9, 16),
('Minivenas', NULL, 10, 17),
('SUV', NULL, 11, 18);

-- --------------------------------------------------------

--
-- Table structure for table `car_ads`
--

CREATE TABLE `car_ads` (
  `make` int(50) DEFAULT NULL,
  `model` int(50) DEFAULT NULL,
  `year` varchar(50) DEFAULT NULL,
  `engine` varchar(50) DEFAULT NULL,
  `fuel_type` int(11) DEFAULT NULL,
  `body_type` int(11) DEFAULT NULL,
  `color` varchar(50) DEFAULT NULL,
  `gearbox` enum('Automatinė','Mechaninė') DEFAULT NULL,
  `driven_wheels` enum('Priekiniai varantys ratai','Galiniai varantys ratai','Visi varantys ratai') DEFAULT NULL,
  `damage` enum('Be defektų','Daužtas','Degęs','Pavarų dėžės defektas','Pažeistas krušos','Skendęs','Variklio defektas','Kiti stambūs defektai') DEFAULT NULL,
  `steering_column` enum('Kairėje','Dešinėje') DEFAULT NULL,
  `door_count` enum('2/3','4/5','6/7') DEFAULT NULL,
  `cylinder_count` tinyint(4) DEFAULT NULL,
  `gear_count` tinyint(4) DEFAULT NULL,
  `seat_count` tinyint(4) DEFAULT NULL,
  `ts_to` date DEFAULT NULL,
  `weight` int(11) DEFAULT NULL,
  `wheels` varchar(50) DEFAULT NULL,
  `fuel_urban` float DEFAULT NULL,
  `fuel_overland` float DEFAULT NULL,
  `fuel_overall` float DEFAULT NULL,
  `features` text,
  `comments` text,
  `id` int(11) NOT NULL,
  `autog_id` bigint(20) DEFAULT NULL,
  `price` int(11) DEFAULT NULL,
  `export_price` int(11) DEFAULT NULL,
  `vin_code` varchar(50) DEFAULT NULL
) ENGINE=InnoDB DEFAULT CHARSET=utf8;

-- --------------------------------------------------------

--
-- Table structure for table `car_queries`
--

CREATE TABLE `car_queries` (
  `id` int(11) NOT NULL,
  `price_from` int(11) DEFAULT NULL,
  `price_to` int(11) DEFAULT NULL,
  `year_from` int(11) DEFAULT NULL,
  `search_term` text,
  `year_to` int(11) DEFAULT NULL,
  `power_from` int(11) DEFAULT NULL,
  `power_to` int(11) DEFAULT NULL
) ENGINE=InnoDB DEFAULT CHARSET=utf8;

--
-- Dumping data for table `car_queries`
--

INSERT INTO `car_queries` (`id`, `price_from`, `price_to`, `year_from`, `search_term`, `year_to`, `power_from`, `power_to`) VALUES
(1, 1000, 2000, 2000, 'audi', 2010, NULL, NULL),
(3, 1000, 3000, 2000, NULL, 2005, NULL, NULL),
(6, NULL, NULL, NULL, NULL, NULL, NULL, NULL),
(7, NULL, NULL, NULL, NULL, NULL, NULL, NULL),
(8, NULL, NULL, NULL, NULL, NULL, NULL, NULL),
(9, NULL, NULL, NULL, 'test', NULL, NULL, NULL),
(12, NULL, NULL, NULL, NULL, NULL, NULL, NULL),
(13, NULL, NULL, NULL, NULL, NULL, NULL, NULL),
(14, NULL, NULL, NULL, NULL, NULL, NULL, NULL),
(15, NULL, NULL, NULL, NULL, NULL, NULL, NULL),
(19, NULL, NULL, NULL, NULL, NULL, NULL, NULL),
(21, NULL, NULL, NULL, NULL, NULL, NULL, NULL);

-- --------------------------------------------------------

--
-- Table structure for table `fuel_types`
--

CREATE TABLE `fuel_types` (
  `fuel_name` varchar(100) NOT NULL,
  `autoplius_fuel_id` int(11) DEFAULT NULL,
  `autobilis_fuel_id` int(11) DEFAULT NULL,
  `id` int(11) NOT NULL
) ENGINE=InnoDB DEFAULT CHARSET=utf8;

--
-- Dumping data for table `fuel_types`
--

INSERT INTO `fuel_types` (`fuel_name`, `autoplius_fuel_id`, `autobilis_fuel_id`, `id`) VALUES
('Dyzelinas', 32, 1, 1),
('Benzinas', 30, 0, 2),
('Benzinas/Dujos', 31, 2, 3),
('Benzinas/Elektra', 36, 3, 4),
('Elektra', 35, 6, 5),
('Dyzelinas/Elektra', 17378, NULL, 6),
('Kitas', 33, 11, 7);

-- --------------------------------------------------------

--
-- Table structure for table `makes`
--

CREATE TABLE `makes` (
  `make` varchar(100) DEFAULT NULL,
  `id` int(11) NOT NULL,
  `autoplius_make_id` int(11) DEFAULT NULL,
  `autobilis_make_id` int(11) DEFAULT NULL
) ENGINE=InnoDB DEFAULT CHARSET=utf8;

--
-- Dumping data for table `makes`
--

INSERT INTO `makes` (`make`, `id`, `autoplius_make_id`, `autobilis_make_id`) VALUES
('All', 1, NULL, NULL),
('AC', 2, 105, 136),
('Acura', 3, 104, 9002),
('Aixam', 4, 108, 137),
('Alfa-Romeo', 5, 103, 138),
('Alpina', 6, 112, 139),
('Aro', 7, 102, NULL),
('Asia', 8, 101, NULL),
('Audi', 10, 99, 143),
('Austin', 11, NULL, 144),
('Autobianchi', 12, NULL, NULL),
('Baic', 13, NULL, NULL),
('Bellier', 14, 28319, NULL),
('Bentley', 15, 98, 145),
('BMW', 16, 97, 146),
('Brilliance', 17, 19319, NULL),
('Bugatti', 18, 19781, 148),
('Buick', 19, 96, 149),
('Cadillac', 20, 95, 150),
('Casalini', 21, NULL, NULL),
('Caterham', 22, NULL, 151),
('Chatenet', 23, NULL, NULL),
('Chevrolet', 24, 94, 153),
('Chrysler', 25, 93, 154),
('Citroen', 26, 92, 155),
('CityEL', 27, NULL, NULL),
('Comarth', 28, NULL, NULL),
('Dacia', 29, 110, 157),
('Daewoo', 30, 91, 158),
('DAF', 31, 25072, NULL),
('Daihatsu', 32, 90, 159),
('DFSK', 34, NULL, NULL),
('DKW', 35, NULL, NULL),
('Dodge', 36, 89, 162),
('Eagle', 37, 88, NULL),
('FAW', 38, NULL, NULL),
('Ferrari', 39, 87, 163),
('Fiat', 40, 86, 164),
('Fisker', 41, 18542, 8965),
('Ford', 42, 85, 165),
('Galloper', 43, NULL, NULL),
('GAZ', 44, 109, 10028),
('Geely', 45, NULL, NULL),
('Genesis', 46, NULL, NULL),
('GMC', 47, 41, 166),
('Gonow', 48, 19091, NULL),
('Goupil', 49, NULL, NULL),
('Grecav', 50, NULL, NULL),
('GWM', 51, NULL, NULL),
('Holden', 52, NULL, NULL),
('Honda', 53, 84, 169),
('Hummer', 54, 83, 171),
('Hyundai', 55, 82, 172),
('Infiniti', 56, 81, 173),
('Isuzu', 57, 80, 174),
('Iveco', 58, 125, 8690),
('Jaguar', 59, 79, 175),
('Jeep', 60, 78, 176),
('Kaipan', 61, NULL, NULL),
('Kia', 62, 77, 178),
('Koenigsegg', 63, 18799, 179),
('Lada', 64, 76, 180),
('Lamborghini', 65, 75, 181),
('Lancia', 66, 74, 182),
('Land-Rover', 67, NULL, 183),
('Landwind', 68, 123, NULL),
('LDV', 69, 28061, 9976),
('Lexus', 70, 72, 184),
('Ligier', 71, 18723, 10023),
('Lincoln', 72, 71, 185),
('Lotus', 73, 70, 187),
('LTI', 74, NULL, 188),
('LuAZ', 75, 119, NULL),
('Mahindra', 76, 16535, NULL),
('Man', 77, NULL, NULL),
('Maruti', 78, NULL, NULL),
('Maserati', 79, 69, 189),
('Maybach', 80, 111, 190),
('Mazda', 81, 68, 191),
('McLaren', 82, 24629, NULL),
('Mercedes-Benz', 83, 67, 192),
('Mercury', 84, 66, 193),
('MG', 85, 65, 194),
('Microcar', 86, 16127, 196),
('MINI', 87, 64, 197),
('Mitsubishi', 88, 63, 198),
('Morgan', 89, 17392, 200),
('Moskvich', 90, 116, 9018),
('Nissan', 91, 62, 202),
('NSU', 92, NULL, NULL),
('Nysa', 93, 24732, NULL),
('Oldsmobile', 94, 61, 204),
('Oltcit', 95, NULL, NULL),
('Opel', 96, 60, 205),
('Peugeot', 97, 59, 209),
('Piaggio', 98, NULL, NULL),
('Pinzgauer', 99, NULL, NULL),
('Plymouth', 100, 58, 211),
('Polonez', 101, NULL, NULL),
('Pontiac', 102, 57, 212),
('Porsche', 103, 56, 213),
('Proton', 104, 55, 214),
('Renault', 105, 54, 218),
('Rolls-Royce', 106, 53, 223),
('Rover', 107, 52, 224),
('Saab', 108, 51, 225),
('Samsung', 109, NULL, NULL),
('Santana', 110, 107, 226),
('Saturn', 111, 50, 227),
('Scion', 112, 114, 10043),
('Seat', 113, 49, 228),
('Shuanghuan', 114, 10861, NULL),
('Skoda', 115, 48, 229),
('Smart', 116, 47, 230),
('Ssangyong', 117, 40, 232),
('Subaru', 118, 46, 234),
('Suzuki', 119, 45, 235),
('Syrena', 120, NULL, NULL),
('Talbot', 121, 21501, 236),
('Tarpan', 122, NULL, NULL),
('Tata', 123, 10863, 237),
('Tatra', 124, 120, NULL),
('Tavria', 125, NULL, NULL),
('Tazzari', 126, 17577, 8695),
('Tesla', 127, 19524, 238),
('Toyota', 128, 44, 239),
('Trabant', 129, 21506, NULL),
('Triumph', 130, 124, 240),
('TVR', 131, NULL, 241),
('UAZ', 132, 115, 8759),
('Vauxhall', 133, 15983, 242),
('Volkswagen', 134, 43, 243),
('Volvo', 135, 42, 244),
('Warszawa', 136, NULL, NULL),
('Wartburg', 137, 118, NULL),
('Weismann', 138, NULL, NULL),
('Yugo', 139, NULL, NULL),
('Zastava', 140, NULL, NULL),
('ZAZ', 141, 113, 8680),
('Zuk', 142, NULL, NULL),
('Kita', 143, 106, NULL),
('AMC', 144, 121, NULL),
('Aston Martin', 145, 100, 141),
('Austin Rover', 146, 15642, NULL),
('Austin-Healey', 147, 27791, NULL),
('Bolloré', 148, 29863, NULL),
('Cobra', 150, 19829, NULL),
('Cupra', 151, 28897, NULL),
('Datsun', 152, 16088, NULL),
('De Lorean', 153, 18736, NULL),
('Desoto', 154, 19741, NULL),
('DR Motor', 155, 16572, NULL),
('DS Automobiles', 156, 29763, NULL),
('Geo', 157, 117, NULL),
('Great Wall', 158, 122, 167),
('Hudson', 159, 27783, NULL),
('International', 160, 13507, NULL),
('JAC', 161, 30005, NULL),
('Land Rover', 162, 73, NULL),
('Norster', 163, 16543, NULL),
('Packard', 164, 18607, NULL),
('Roosevelt', 165, 13514, NULL),
('Secma', 166, 16546, NULL),
('Spartan', 167, 19699, NULL),
('Spyker', 168, 17593, 231),
('Studebaker', 169, 19711, NULL),
('Tartan', 170, 24569, NULL),
('Think', 171, 24720, NULL),
('Venturi', 172, 17380, NULL),
('Wanderer', 173, 10871, NULL),
('Zimmer', 174, 28623, NULL),
('Abarth', 175, NULL, 135),
('Ariel', 176, NULL, 140),
('Auburn', 177, NULL, 142),
('Bristol', 178, NULL, 147),
('Chesil', 179, NULL, 152),
('Corvette', 180, NULL, 156),
('Daimler', 181, NULL, 160),
('Dax', 182, NULL, 161),
('HMC', 183, NULL, 168),
('Humber', 184, NULL, 170),
('Jensen', 185, NULL, 177),
('Locust', 186, NULL, 186),
('MG Motor Uk', 187, NULL, 195),
('MNR', 188, NULL, 199),
('Morris', 189, NULL, 201),
('Noble', 190, NULL, 203),
('Pagani', 191, NULL, 206),
('Panther', 192, NULL, 207),
('Perodua', 193, NULL, 208),
('Pilgrim', 194, NULL, 210),
('Quantum', 195, NULL, 215),
('Radical', 196, NULL, 216),
('Reliant', 197, NULL, 217),
('Reva', 198, NULL, 219),
('Reynard', 199, NULL, 220),
('Riley', 200, NULL, 221),
('Robin Hood', 201, NULL, 222),
('Standard', 202, NULL, 233),
('Volga', 203, NULL, 8976),
('Westfield', 204, NULL, 245);

-- --------------------------------------------------------

--
-- Table structure for table `models`
--

CREATE TABLE `models` (
  `model_name` varchar(100) DEFAULT NULL,
  `make_id` int(11) NOT NULL,
  `autobilis_model_id` int(11) DEFAULT NULL,
  `autoplius_model_id` int(11) DEFAULT NULL,
  `id` int(11) NOT NULL
) ENGINE=InnoDB DEFAULT CHARSET=utf8;

--
-- Dumping data for table `models`
--

INSERT INTO `models` (`model_name`, `make_id`, `autobilis_model_id`, `autoplius_model_id`, `id`) VALUES
('Legend', 3, NULL, NULL, 5937),
('300', 4, NULL, NULL, 5951),
('A721', 4, NULL, NULL, 5954),
('A741', 4, NULL, NULL, 5955),
('Coupe', 4, NULL, NULL, 5958),
('Crossover', 4, NULL, NULL, 5960),
('D-truck', 4, NULL, NULL, 5961),
('GTI', 4, NULL, NULL, 5962),
('GTO', 4, NULL, NULL, 5963),
('Mac', 4, NULL, NULL, 5965),
('Mega', 4, NULL, NULL, 5966),
('Moskito', 4, NULL, NULL, 5967),
('MultiTruck', 4, NULL, NULL, 5968),
('Roadline', 4, 280, NULL, 5969),
('Scouty R', 4, NULL, NULL, 5971),
('Crosswagon', 5, NULL, NULL, 5991),
('RS/SZ', 5, NULL, NULL, 5999),
('Stelvio', 5, 10107, 27271, 6004),
('10-4', 7, NULL, NULL, 6019),
('11-4', 7, NULL, NULL, 6020),
('Dragon', 7, NULL, NULL, 6023),
('M 461', 7, NULL, NULL, 6024),
('Muscel', 7, NULL, NULL, 6025),
('Series 10', 7, NULL, NULL, 6026),
('Series 240', 7, NULL, NULL, 6027),
('Series 320', 7, NULL, NULL, 6028),
('Bulldog', 145, NULL, NULL, 6035),
('DB11', 145, 10115, NULL, 6038),
('DB6', 145, NULL, NULL, 6039),
('One-77', 145, NULL, NULL, 6044),
('V12 Vanquish', 145, NULL, NULL, 6046),
('V12 Vantage', 145, NULL, NULL, 6047),
('V8', 145, 1917, NULL, 6048),
('Valkyrie', 145, NULL, NULL, 6049),
('Vanquish S', 145, NULL, NULL, 6051),
('A4 Allroad', 10, 966, 16208, 6066),
('A7', 10, 971, NULL, 6069),
('A9', 10, NULL, NULL, 6071),
('e-tron GT', 10, NULL, NULL, 6076),
('e-tron Sportback', 10, NULL, NULL, 6077),
('SQ2', 10, NULL, NULL, 6101),
('TT S', 10, NULL, NULL, 6106),
('Allegro', 11, NULL, NULL, 6110),
('Ambasador', 11, NULL, NULL, 6111),
('Healey', 11, 301, NULL, 6112),
('Maxi', 11, NULL, NULL, 6113),
('Metro', 11, 303, NULL, 6114),
('Mini', 11, 304, NULL, 6115),
('Montego', 11, NULL, NULL, 6116),
('A 1000', 12, NULL, NULL, 6119),
('A 112', 12, NULL, NULL, 6120),
('Bianchina', 12, NULL, NULL, 6121),
('Y10', 12, NULL, NULL, 6122),
('B40', 13, NULL, NULL, 6125),
('BJ20', 13, NULL, NULL, 6126),
('BJ40', 13, NULL, NULL, 6127),
('D20', 13, NULL, NULL, 6128),
('Senova X25', 13, NULL, NULL, 6129),
('Senova X35', 13, NULL, NULL, 6130),
('Senova X55', 13, NULL, NULL, 6131),
('Senova X65', 13, NULL, NULL, 6132),
('Asso', 14, NULL, NULL, 6135),
('B8', 14, NULL, NULL, 6136),
('Divane', 14, NULL, NULL, 6137),
('Docker', 14, NULL, NULL, 6138),
('Jade', 14, NULL, NULL, 6139),
('Opale', 14, NULL, NULL, 6140),
('Vario 50', 14, NULL, NULL, 6141),
('VX', 14, NULL, NULL, 6142),
('Continental Flying Spur', 15, 1338, NULL, 6150),
('S2', 15, 1346, NULL, 6154),
('S3', 15, 1347, NULL, 6155),
('Turbo RT', 15, NULL, NULL, 6157),
('Turbo S', 15, NULL, NULL, 6158),
('Series 1', 16, NULL, NULL, 6161),
('114', 16, NULL, NULL, 6162),
('116', 16, NULL, NULL, 6163),
('118', 16, NULL, NULL, 6164),
('120', 16, NULL, NULL, 6165),
('123', 16, NULL, NULL, 6166),
('125', 16, NULL, NULL, 6167),
('128', 16, NULL, NULL, 6168),
('130', 16, NULL, NULL, 6169),
('135', 16, NULL, NULL, 6170),
('Seria 2', 16, NULL, NULL, 6171),
('214 Active Tourer', 16, NULL, NULL, 6172),
('214 Gran Tourer', 16, NULL, NULL, 6173),
('216 Active Tourer', 16, NULL, NULL, 6174),
('216 Gran Tourer', 16, NULL, NULL, 6175),
('216d Active Tourer', 16, NULL, NULL, 6176),
('218', 16, NULL, NULL, 6177),
('218 Active Tourer', 16, NULL, NULL, 6178),
('218 Gran Tourer', 16, NULL, NULL, 6179),
('220', 16, NULL, NULL, 6180),
('220 Active Tourer', 16, NULL, NULL, 6181),
('220 Gran Tourer', 16, NULL, NULL, 6182),
('225', 16, NULL, NULL, 6183),
('225 Active Tourer', 16, NULL, NULL, 6184),
('228', 16, NULL, NULL, 6185),
('230', 16, NULL, NULL, 6186),
('Series 3', 16, NULL, NULL, 6187),
('315', 16, NULL, NULL, 6188),
('316', 16, NULL, NULL, 6189),
('318', 16, NULL, NULL, 6190),
('318 Gran Tourer', 16, NULL, NULL, 6191),
('318 Gran Turismo', 16, NULL, NULL, 6192),
('320', 16, NULL, NULL, 6193),
('320 Gran Tourer', 16, NULL, NULL, 6194),
('320 Gran Turismo', 16, NULL, NULL, 6195),
('323', 16, NULL, NULL, 6196),
('324', 16, NULL, NULL, 6197),
('325', 16, NULL, NULL, 6198),
('325 Gran Tourer', 16, NULL, NULL, 6199),
('327', 16, NULL, NULL, 6200),
('328', 16, NULL, NULL, 6201),
('328 Gran Tourer', 16, NULL, NULL, 6202),
('328 Gran Turismo', 16, NULL, NULL, 6203),
('330', 16, NULL, NULL, 6204),
('330 Gran Tourer', 16, NULL, NULL, 6205),
('330 Gran Turismo', 16, NULL, NULL, 6206),
('335', 16, NULL, NULL, 6207),
('335 Gran Tourer', 16, NULL, NULL, 6208),
('335 Gran Turismo', 16, NULL, NULL, 6209),
('340', 16, NULL, NULL, 6210),
('346', 16, NULL, NULL, 6211),
('Series 4', 16, NULL, NULL, 6212),
('418 Gran Coupe', 16, NULL, NULL, 6213),
('420', 16, 8920, NULL, 6214),
('420 Gran Coupe', 16, NULL, NULL, 6215),
('420i', 16, NULL, NULL, 6216),
('425', 16, NULL, NULL, 6217),
('428', 16, 9894, NULL, 6218),
('428 Gran Coupe', 16, NULL, NULL, 6219),
('430', 16, NULL, NULL, 6220),
('430 Gran Coupe', 16, NULL, NULL, 6221),
('435', 16, NULL, NULL, 6222),
('435 Gran Coupe', 16, NULL, NULL, 6223),
('440', 16, NULL, NULL, 6224),
('Series 5', 16, NULL, NULL, 6225),
('518', 16, NULL, NULL, 6226),
('520', 16, NULL, NULL, 6227),
('520 Gran Turismo', 16, NULL, NULL, 6228),
('523', 16, 8693, NULL, 6229),
('524', 16, NULL, NULL, 6230),
('525', 16, NULL, NULL, 6231),
('528', 16, NULL, NULL, 6232),
('530', 16, NULL, NULL, 6233),
('530 Gran Turismo', 16, NULL, NULL, 6234),
('535', 16, NULL, NULL, 6235),
('535 Gran Turismo', 16, NULL, NULL, 6236),
('540', 16, NULL, NULL, 6237),
('545', 16, NULL, NULL, 6238),
('550', 16, NULL, NULL, 6239),
('550 Gran Turismo', 16, NULL, NULL, 6240),
('5GT (F07)', 16, NULL, NULL, 6241),
('Active Hybrid 5', 16, NULL, NULL, 6242),
('Series 6', 16, NULL, NULL, 6243),
('628', 16, NULL, NULL, 6244),
('630', 16, NULL, NULL, 6245),
('630 Gran Turismo', 16, NULL, NULL, 6246),
('632', 16, NULL, NULL, 6247),
('633', 16, NULL, NULL, 6248),
('635', 16, NULL, NULL, 6249),
('640', 16, 8697, NULL, 6250),
('640 Gran Coupe', 16, NULL, NULL, 6251),
('640 Gran Turismo', 16, NULL, NULL, 6252),
('645', 16, NULL, NULL, 6253),
('650', 16, NULL, NULL, 6254),
('650 Gran Coupe', 16, NULL, NULL, 6255),
('Series 7', 16, NULL, NULL, 6256),
('725', 16, NULL, NULL, 6257),
('728', 16, NULL, NULL, 6258),
('730', 16, NULL, NULL, 6259),
('732', 16, NULL, NULL, 6260),
('735', 16, NULL, NULL, 6261),
('740', 16, NULL, NULL, 6262),
('745', 16, NULL, NULL, 6263),
('750', 16, NULL, NULL, 6264),
('760', 16, NULL, NULL, 6265),
('Active Hybrid 7', 16, NULL, NULL, 6266),
('Series 8', 16, NULL, NULL, 6267),
('840', 16, NULL, NULL, 6268),
('850', 16, NULL, NULL, 6269),
('Series i', 16, NULL, NULL, 6270),
('i3', 16, 8919, NULL, 6271),
('i3 REx', 16, NULL, NULL, 6272),
('i8', 16, 9960, NULL, 6273),
('iX3', 16, NULL, NULL, 6274),
('Series M', 16, NULL, NULL, 6275),
('M1', 16, 10125, NULL, 6276),
('M135i', 16, NULL, NULL, 6277),
('M2', 16, 10126, NULL, 6278),
('M235', 16, NULL, NULL, 6279),
('M240', 16, NULL, NULL, 6280),
('M3', 16, 10127, NULL, 6281),
('M4', 16, 8986, NULL, 6282),
('M5', 16, 10128, NULL, 6283),
('M550', 16, NULL, NULL, 6284),
('M550d', 16, NULL, NULL, 6285),
('M6', 16, 10129, NULL, 6286),
('X5M', 16, NULL, NULL, 6287),
('X6M', 16, NULL, NULL, 6288),
('Z3M', 16, NULL, NULL, 6289),
('Z4 M', 16, 10142, NULL, 6290),
('Series X', 16, NULL, NULL, 6291),
('X1', 16, 10130, NULL, 6292),
('X2', 16, 10131, NULL, 6293),
('X3', 16, 10132, NULL, 6294),
('X4', 16, 8726, NULL, 6295),
('X5', 16, 10133, NULL, 6296),
('X6', 16, 10135, NULL, 6297),
('X7', 16, 10137, NULL, 6298),
('Series Z', 16, NULL, NULL, 6299),
('Z1', 16, 10138, NULL, 6300),
('Z3', 16, 10139, NULL, 6301),
('Z4', 16, 10141, NULL, 6302),
('Z8', 16, 10143, NULL, 6303),
('Granse', 17, NULL, NULL, 6310),
('Jinbei', 17, NULL, NULL, 6311),
('Zhonghua', 17, NULL, NULL, 6312),
('Zunchi', 17, NULL, NULL, 6313),
('Chiron', 18, 10146, NULL, 6316),
('EB 110', 18, NULL, NULL, 6317),
('Cascada', 19, NULL, NULL, 6321),
('Centurion', 19, NULL, NULL, 6322),
('Reatta', 19, 10152, NULL, 6332),
('Skyhawk', 19, NULL, NULL, 6337),
('Brougham', 20, 10153, NULL, 6345),
('Cimarron', 20, 570, NULL, 6347),
('Deville', 20, 572, 1282, 6350),
('ELR', 20, 10156, NULL, 6353),
('Kerry', 21, NULL, NULL, 6364),
('M10', 21, NULL, NULL, 6365),
('M12', 21, NULL, NULL, 6366),
('M14', 21, NULL, NULL, 6367),
('M20', 21, NULL, NULL, 6368),
('Sulky', 21, NULL, NULL, 6369),
('Sulkycar', 21, NULL, NULL, 6370),
('Sulkydea/Ydea', 21, NULL, NULL, 6371),
('Academy', 22, NULL, NULL, 6374),
('CSR', 22, 10159, NULL, 6375),
('Roadsport', 22, NULL, NULL, 6376),
('Seven', 22, 314, NULL, 6377),
('Super Seven', 22, NULL, NULL, 6378),
('Barooder', 23, NULL, NULL, 6381),
('CH26', 23, NULL, NULL, 6382),
('CH28', 23, NULL, NULL, 6383),
('CH30', 23, NULL, NULL, 6384),
('CH32', 23, NULL, NULL, 6385),
('CH40', 23, NULL, NULL, 6386),
('Media', 23, NULL, NULL, 6388),
('Speedino', 23, NULL, NULL, 6389),
('Stella', 23, NULL, NULL, 6390),
('1500', 24, NULL, NULL, 6392),
('3500', 24, NULL, NULL, 6394),
('Apache', 24, NULL, NULL, 6396),
('C-10', 24, NULL, NULL, 6404),
('C-20', 24, NULL, NULL, 6405),
('C-30', 24, NULL, NULL, 6406),
('Celebrity', 24, NULL, NULL, 6411),
('City Express', 24, NULL, NULL, 6415),
('G', 24, NULL, NULL, 6426),
('K1500', 24, NULL, NULL, 6429),
('K30', 24, NULL, NULL, 6430),
('Nova', 24, 10166, NULL, 6438),
('Spectrum', 24, NULL, NULL, 6445),
('Caravan', 25, NULL, NULL, 6463),
('GS', 25, NULL, NULL, 6472),
('GTS', 25, NULL, NULL, 6473),
('Axel', 26, NULL, NULL, 6497),
('C-Elysée', 26, 9908, 18541, 6501),
('C3 Picasso', 26, 881, 16126, 6509),
('C4 Grand Picasso', 26, 883, NULL, 6514),
('C5 Aircross', 26, 10195, 29823, 6517),
('DS3 Crossback', 26, NULL, NULL, 6523),
('DS7 Crossback', 26, NULL, 28843, 6526),
('Jumpy Combi', 26, NULL, NULL, 6531),
('Relay', 26, NULL, NULL, 6533),
('SpaceTourer', 26, 10197, 25159, 6536),
('S1', 28, NULL, NULL, 6547),
('1300', 29, NULL, NULL, 6549),
('1310', 29, 10198, NULL, 6550),
('1400', 29, NULL, NULL, 6551),
('1410', 29, NULL, NULL, 6552),
('Dokker Van', 29, NULL, NULL, 6554),
('Logan Van', 29, NULL, NULL, 6558),
('Nova', 29, NULL, NULL, 6559),
('Pick Up', 29, NULL, NULL, 6560),
('Sandero Stepway', 29, NULL, NULL, 6562),
('Solenza', 29, 10200, NULL, 6563),
('Super Nova', 29, NULL, NULL, 6564),
('Chairman', 30, 10202, NULL, 6567),
('Cielo', 30, NULL, NULL, 6568),
('Atrai', 32, 10215, NULL, 6601),
('Cast', 32, NULL, NULL, 6602),
('Domino', 32, NULL, NULL, 6607),
('F Modelle', 32, NULL, NULL, 6608),
('Fourtrak', 32, 343, NULL, 6610),
('Hijet', 32, 345, NULL, 6613),
('Luxio', 32, NULL, NULL, 6614),
('More', 32, NULL, NULL, 6617),
('Pionier', 32, NULL, NULL, 6619),
('Sportrak', 32, 349, NULL, 6622),
('Taft', 32, NULL, NULL, 6623),
('Tanto', 32, 10229, NULL, 6624),
('Tocot', 32, NULL, NULL, 6626),
('DMC 12', 153, NULL, NULL, 6632),
('Double Cab', 34, NULL, NULL, 6635),
('Mini Bus', 34, NULL, NULL, 6636),
('Mini Van', 34, NULL, NULL, 6637),
('Pick Up', 34, NULL, NULL, 6638),
('Daytona', 36, NULL, NULL, 6649),
('Diplomat', 36, 1255, NULL, 6651),
('Dynasty', 36, NULL, NULL, 6653),
('Monaco', 36, 10233, NULL, 6659),
('Omni', 36, NULL, NULL, 6662),
('RAM', 36, 1262, 1111, 6663),
('Medallion', 37, NULL, NULL, 6671),
('Premier', 37, NULL, NULL, 6672),
('HQ', 38, NULL, NULL, 6678),
('248', 39, NULL, NULL, 6681),
('458 Italia', 39, NULL, NULL, 6693),
('599GTB', 39, NULL, NULL, 6697),
('Dino GT4', 39, NULL, NULL, 6702),
('F12berlinetta', 39, 10245, NULL, 6704),
('F550', 39, NULL, NULL, 6710),
('124 Spider', 40, NULL, NULL, 6720),
('125p', 40, NULL, NULL, 6721),
('128', 40, NULL, NULL, 6724),
('132', 40, NULL, NULL, 6727),
('500e', 40, NULL, NULL, 6730),
('600', 40, 10250, NULL, 6733),
('850', 40, NULL, NULL, 6734),
('Inka', 40, NULL, NULL, 6751),
('Siena', 40, 10251, NULL, 6767),
('Spider', 40, NULL, NULL, 6768),
('EMotion', 41, NULL, NULL, 6779),
('Karma', 41, 8967, 18543, 6780),
('Latigo CS', 41, NULL, NULL, 6781),
('Orbit', 41, NULL, NULL, 6782),
('Crown', 42, NULL, NULL, 6795),
('EDGE', 42, 608, 16016, 6799),
('F150', 42, 614, NULL, 6806),
('F250', 42, 615, NULL, 6807),
('F350', 42, 616, NULL, 6808),
('F450', 42, 617, NULL, 6809),
('F470', 42, 618, NULL, 6810),
('F700', 42, 619, NULL, 6811),
('Festiva', 42, 10256, NULL, 6814),
('FIVE HUNDRED', 42, 623, 16017, 6816),
('Focus C-Max', 42, 626, NULL, 6819),
('KA', 42, 634, 1001, 6829),
('KA+', 42, NULL, 28009, 6830),
('Mustang Mach-E', 42, NULL, NULL, 6837),
('Ranchero', 42, NULL, NULL, 6841),
('S-Max', 42, 644, 1036, 6843),
('T', 42, NULL, NULL, 6849),
('Tourneo Courier', 42, NULL, NULL, 6856),
('Transit Courier', 42, 9962, NULL, 6860),
('Super Exceed', 43, NULL, NULL, 6865),
('20', 44, NULL, NULL, 6873),
('69', 44, NULL, NULL, 6888),
('Ck', 45, NULL, NULL, 6897),
('Coupe', 46, NULL, NULL, 6899),
('G70', 46, NULL, NULL, 6900),
('G80', 46, NULL, NULL, 6901),
('G90', 46, NULL, NULL, 6902),
('GV70 SUV', 46, NULL, NULL, 6903),
('GV80 SUV', 46, NULL, NULL, 6904),
('Canyon', 47, NULL, NULL, 6907),
('Savana', 47, 1357, NULL, 6911),
('Vandura', 47, NULL, NULL, 6918),
('G1', 49, NULL, NULL, 6923),
('G2', 49, NULL, NULL, 6924),
('G3', 49, NULL, NULL, 6925),
('G4', 49, NULL, NULL, 6926),
('GEM', 49, NULL, NULL, 6927),
('Sonique', 50, NULL, NULL, 6929),
('Cowry', 51, NULL, NULL, 6931),
('Haval H5', 51, NULL, NULL, 6932),
('Hover', 51, NULL, NULL, 6933),
('Steed', 51, NULL, NULL, 6934),
('Voleex', 51, NULL, NULL, 6935),
('Adventra', 52, NULL, NULL, 6937),
('Astra', 52, NULL, NULL, 6938),
('Barina', 52, NULL, NULL, 6939),
('Berlina', 52, NULL, NULL, 6940),
('Calais', 52, NULL, NULL, 6941),
('Caprice', 52, NULL, NULL, 6942),
('Captiva', 52, NULL, NULL, 6943),
('Colorado', 52, NULL, NULL, 6944),
('Commodore', 52, NULL, NULL, 6945),
('Crewman', 52, NULL, NULL, 6946),
('Cruze', 52, NULL, NULL, 6947),
('Epica', 52, NULL, NULL, 6948),
('Jackaroo', 52, NULL, NULL, 6949),
('Monaro', 52, NULL, NULL, 6950),
('Sportwagon', 52, NULL, NULL, 6951),
('Statesman', 52, NULL, NULL, 6952),
('Ute', 52, NULL, NULL, 6953),
('Viva', 52, NULL, NULL, 6954),
('Clarity Fuel Cell', 53, NULL, NULL, 6962),
('CR-Z', 53, 10270, NULL, 6965),
('e', 53, NULL, NULL, 6969),
('Fit', 53, 10277, 973, 6971),
('LaGreat', 53, 1215, 967, 6978),
('HX', 54, NULL, NULL, 6998),
('Avante', 55, 10297, NULL, 7003),
('Genesis Coupe', 55, NULL, NULL, 7012),
('H-1', 55, 10304, NULL, 7016),
('H-1 Starex', 55, NULL, NULL, 7017),
('i25', 55, NULL, NULL, 7023),
('Ioniq', 55, 10307, 25163, 7027),
('XG 30', 55, NULL, NULL, 7051),
('G', 56, NULL, NULL, 7062),
('M', 56, 823, NULL, 7067),
('VehiCROSS', 57, 1276, NULL, 7101),
('29-11', 58, NULL, NULL, 7105),
('29L10', 58, NULL, NULL, 7106),
('29L14', 58, NULL, NULL, 7107),
('29S11', 58, NULL, NULL, 7108),
('35-10', 58, NULL, NULL, 7109),
('35C10', 58, NULL, NULL, 7111),
('35C15', 58, NULL, NULL, 7112),
('35C18', 58, NULL, NULL, 7113),
('35S12', 58, NULL, NULL, 7114),
('35S13', 58, NULL, NULL, 7115),
('35S14', 58, NULL, NULL, 7116),
('35S18', 58, NULL, NULL, 7117),
('40-10', 58, NULL, NULL, 7118),
('50C18', 58, NULL, NULL, 7119),
('65C15', 58, NULL, NULL, 7120),
('Daily 35', 58, NULL, NULL, 7122),
('XJ-E', 59, NULL, NULL, 7137),
('XJS', 59, 1004, 21489, 7140),
('47', 61, NULL, NULL, 7159),
('Asia Rocsta', 62, NULL, NULL, 7162),
('Cee\'d', 62, 2013, 859, 7167),
('e-Niro', 62, NULL, NULL, 7170),
('K900', 62, 10343, NULL, 7175),
('Seltos', 62, NULL, NULL, 7191),
('One:1', 63, NULL, NULL, 7205),
('1117', 64, NULL, NULL, 7209),
('1118', 64, NULL, NULL, 7210),
('1119', 64, NULL, NULL, 7211),
('1300', 64, NULL, NULL, 7214),
('1500', 64, NULL, NULL, 7215),
('2170', 64, NULL, NULL, 7246),
('Granta', 64, NULL, NULL, 7250),
('XRAY', 64, NULL, NULL, 7259),
('Defender', 67, 1058, NULL, 7296),
('Discovery', 67, 1059, NULL, 7297),
('Discovery Sport', 67, 10359, NULL, 7298),
('Freelander', 67, 1060, NULL, 7299),
('Range Rover', 67, 1062, NULL, 7300),
('Range Rover Evoque', 67, 1063, NULL, 7301),
('Range Rover Sport', 67, 1064, NULL, 7302),
('Range Rover Velar', 67, 10360, NULL, 7303),
('Forward', 68, NULL, NULL, 7307),
('Rongyao', 68, NULL, NULL, 7308),
('X2', 68, NULL, NULL, 7309),
('X5', 68, NULL, NULL, 7310),
('X6', 68, NULL, NULL, 7311),
('X7', 68, NULL, NULL, 7312),
('X8', 68, NULL, NULL, 7313),
('X9', 68, NULL, NULL, 7314),
('Xiaoyao', 68, NULL, NULL, 7315),
('Convoy', 69, NULL, NULL, 7317),
('Maxus', 69, 9977, NULL, 7318),
('Serija CT', 70, NULL, NULL, 7321),
('Series ES', 70, NULL, NULL, 7323),
('ES 300', 70, NULL, NULL, 7324),
('ES 300h', 70, NULL, NULL, 7325),
('ES 330', 70, NULL, NULL, 7326),
('ES 350', 70, NULL, NULL, 7327),
('ES 350h', 70, NULL, NULL, 7328),
('Series GS', 70, NULL, NULL, 7329),
('GS 200t', 70, NULL, NULL, 7330),
('GS 250', 70, NULL, NULL, 7331),
('GS 300', 70, NULL, NULL, 7332),
('GS 300h', 70, NULL, NULL, 7333),
('GS 350', 70, NULL, NULL, 7334),
('GS 400', 70, NULL, NULL, 7335),
('GS 430', 70, NULL, NULL, 7336),
('GS 450', 70, NULL, NULL, 7337),
('GS 450h', 70, NULL, NULL, 7338),
('GS 460', 70, NULL, NULL, 7339),
('Serija GS F', 70, NULL, NULL, 7340),
('GS-F', 70, NULL, NULL, 7341),
('Serija GX', 70, NULL, NULL, 7342),
('GX 460', 70, NULL, NULL, 7343),
('GX 470', 70, NULL, NULL, 7344),
('GX 640', 70, NULL, NULL, 7345),
('Serija HS', 70, NULL, NULL, 7346),
('HS 250h', 70, NULL, NULL, 7347),
('Series IS', 70, NULL, NULL, 7348),
('IS 200', 70, NULL, NULL, 7349),
('IS 220', 70, NULL, NULL, 7350),
('IS 250', 70, NULL, NULL, 7351),
('IS 300', 70, NULL, NULL, 7352),
('IS 300h', 70, NULL, NULL, 7353),
('IS 350', 70, NULL, NULL, 7354),
('Serija IS F', 70, NULL, NULL, 7355),
('IS-F', 70, NULL, NULL, 7356),
('Serija LC', 70, NULL, NULL, 7357),
('LC 500', 70, NULL, NULL, 7358),
('LC 500h', 70, NULL, NULL, 7359),
('Serija LF-A', 70, NULL, NULL, 7360),
('Series LS', 70, NULL, NULL, 7362),
('LS 400', 70, NULL, NULL, 7363),
('LS 430', 70, NULL, NULL, 7364),
('LS 460', 70, NULL, NULL, 7365),
('LS 460h', 70, NULL, NULL, 7366),
('LS 500', 70, NULL, NULL, 7367),
('LS 500h', 70, NULL, NULL, 7368),
('LS 600', 70, NULL, NULL, 7369),
('LS 600h', 70, NULL, NULL, 7370),
('Series LX', 70, NULL, NULL, 7371),
('LX 450', 70, NULL, NULL, 7372),
('LX 470', 70, NULL, NULL, 7373),
('LX 570', 70, NULL, NULL, 7374),
('Serija NX', 70, NULL, NULL, 7375),
('NX 200t', 70, NULL, NULL, 7376),
('NX 300h', 70, NULL, NULL, 7377),
('Serija RC', 70, NULL, NULL, 7378),
('RC 200t', 70, NULL, NULL, 7379),
('RC 300', 70, NULL, NULL, 7380),
('RC 300h', 70, NULL, NULL, 7381),
('RC 350', 70, 10021, NULL, 7382),
('Serija RC F', 70, NULL, NULL, 7383),
('RC-F', 70, NULL, NULL, 7384),
('Series RX', 70, NULL, NULL, 7385),
('RX 200t', 70, NULL, NULL, 7386),
('RX 300', 70, NULL, NULL, 7387),
('RX 330', 70, NULL, NULL, 7388),
('RX 350', 70, NULL, NULL, 7389),
('RX 400', 70, NULL, NULL, 7390),
('RX 400h', 70, NULL, NULL, 7391),
('RX 450', 70, NULL, NULL, 7392),
('RX 450h', 70, NULL, NULL, 7393),
('Series SC', 70, NULL, NULL, 7394),
('SC 300', 70, NULL, NULL, 7395),
('SC 400', 70, NULL, NULL, 7396),
('SC 430', 70, NULL, NULL, 7397),
('Series UX', 70, NULL, NULL, 7398),
('UX 250h', 70, NULL, NULL, 7399),
('Mark LT', 72, NULL, NULL, 7413),
('340R', 73, NULL, NULL, 7423),
('Evija', 73, NULL, NULL, 7430),
('Fairway', 74, NULL, NULL, 7438),
('TX2', 74, NULL, NULL, 7439),
('TX4', 74, 377, NULL, 7440),
('969', 75, NULL, NULL, 7442),
('TGE', 77, NULL, NULL, 7447),
('800', 78, NULL, NULL, 7449),
('Coupe', 79, NULL, NULL, 7463),
('MC Stradale', 79, NULL, NULL, 7471),
('Shamal', 79, 1088, NULL, 7475),
('B2500', 81, NULL, NULL, 7492),
('CX-4', 81, NULL, NULL, 7497),
('MX-30', 81, NULL, NULL, 7505),
('Pick Up', 81, NULL, NULL, 7508),
('Series B', 81, NULL, NULL, 7514),
('Series E', 81, NULL, NULL, 7515),
('Xedos', 81, NULL, NULL, 7517),
('570GT', 82, NULL, NULL, 7523),
('720S', 82, NULL, NULL, 7530),
('F1', 82, NULL, NULL, 7532),
('Senna', 82, NULL, NULL, 7535),
('180', 83, NULL, NULL, 7541),
('209', 83, NULL, NULL, 7546),
('210', 83, NULL, NULL, 7547),
('219', 83, NULL, NULL, 7550),
('A Class', 83, NULL, 686, 7574),
('A 140', 83, NULL, NULL, 7575),
('A 150', 83, NULL, NULL, 7576),
('A 160', 83, NULL, NULL, 7577),
('A 170', 83, NULL, NULL, 7578),
('A 180', 83, NULL, NULL, 7579),
('A 190', 83, NULL, NULL, 7580),
('A 200', 83, NULL, NULL, 7581),
('A 210', 83, NULL, NULL, 7582),
('A 220', 83, NULL, NULL, 7583),
('A 250', 83, NULL, NULL, 7584),
('A 45 AMG', 83, NULL, NULL, 7585),
('AMG GT', 83, 10380, NULL, 7586),
('B Class', 83, NULL, 694, 7587),
('B 150', 83, NULL, NULL, 7588),
('B 160', 83, NULL, NULL, 7589),
('B 170', 83, NULL, NULL, 7590),
('B 180', 83, NULL, NULL, 7591),
('B 200', 83, NULL, NULL, 7592),
('B 220', 83, NULL, NULL, 7593),
('B 246', 83, NULL, NULL, 7594),
('B 250', 83, NULL, NULL, 7595),
('B Electric Drive', 83, NULL, NULL, 7596),
('C Class', 83, NULL, 685, 7597),
('C 160', 83, NULL, NULL, 7598),
('C 180', 83, NULL, NULL, 7599),
('C 200', 83, NULL, NULL, 7600),
('C 220', 83, NULL, NULL, 7601),
('C 230', 83, NULL, NULL, 7602),
('C 240', 83, NULL, NULL, 7603),
('C 250', 83, NULL, NULL, 7604),
('C 270', 83, NULL, NULL, 7605),
('C 280', 83, NULL, NULL, 7606),
('C 30 AMG', 83, NULL, NULL, 7607),
('C 300', 83, NULL, NULL, 7608),
('C 32 AMG', 83, NULL, NULL, 7609),
('C 320', 83, NULL, NULL, 7610),
('C 350', 83, NULL, NULL, 7611),
('C 36 AMG', 83, NULL, NULL, 7612),
('C 43 AMG', 83, NULL, NULL, 7613),
('C 55 AMG', 83, NULL, NULL, 7614),
('C 63 AMG', 83, NULL, NULL, 7615),
('SC', 83, NULL, NULL, 7616),
('CE Class', 83, NULL, 11152, 7617),
('CE 200', 83, NULL, NULL, 7618),
('CE 220', 83, NULL, NULL, 7619),
('CE 230', 83, NULL, NULL, 7620),
('CE 300', 83, NULL, NULL, 7621),
('CL Class', 83, NULL, 684, 7623),
('CL 180', 83, NULL, NULL, 7624),
('CL 200', 83, NULL, NULL, 7625),
('CL 220', 83, NULL, NULL, 7626),
('CL 230', 83, NULL, NULL, 7627),
('CL 420', 83, NULL, NULL, 7628),
('CL 500', 83, NULL, NULL, 7629),
('CL 55 AMG', 83, NULL, NULL, 7630),
('CL 600', 83, NULL, NULL, 7631),
('CL 63 AMG', 83, NULL, NULL, 7632),
('CL 65 AMG', 83, NULL, NULL, 7633),
('CLA Class', 83, NULL, NULL, 7634),
('CLA', 83, 9920, NULL, 7635),
('CLA 180', 83, NULL, NULL, 7636),
('CLA 200', 83, NULL, NULL, 7637),
('CLA 220', 83, NULL, NULL, 7638),
('CLA 250', 83, 10069, NULL, 7639),
('CLA 45 AMG', 83, NULL, NULL, 7640),
('CLC Class', 83, NULL, 11164, 7641),
('CLC 160', 83, NULL, NULL, 7642),
('CLC 180', 83, NULL, NULL, 7643),
('CLC 200', 83, NULL, NULL, 7644),
('CLC 220', 83, NULL, NULL, 7645),
('CLC 230', 83, NULL, NULL, 7646),
('CLC 250', 83, NULL, NULL, 7647),
('CLC 350', 83, NULL, NULL, 7648),
('CLK Class', 83, NULL, 683, 7649),
('CLK 200', 83, NULL, NULL, 7650),
('CLK 220', 83, NULL, NULL, 7651),
('CLK 230', 83, NULL, NULL, 7652),
('CLK 240', 83, NULL, NULL, 7653),
('CLK 270', 83, NULL, NULL, 7654),
('CLK 280', 83, NULL, NULL, 7655),
('CLK 320', 83, NULL, NULL, 7656),
('CLK 350', 83, NULL, NULL, 7657),
('CLK 430', 83, NULL, NULL, 7658),
('CLK 500', 83, NULL, NULL, 7659),
('CLK 55 AMG', 83, NULL, NULL, 7660),
('CLK 63 AMG', 83, NULL, NULL, 7661),
('CLS Class', 83, NULL, 692, 7662),
('CLS 220', 83, NULL, NULL, 7663),
('CLS 250', 83, NULL, NULL, 7664),
('CLS 280', 83, NULL, NULL, 7665),
('CLS 300', 83, NULL, NULL, 7666),
('CLS 320', 83, NULL, NULL, 7667),
('CLS 350', 83, NULL, NULL, 7668),
('CLS 400', 83, NULL, NULL, 7669),
('CLS 450', 83, NULL, NULL, 7670),
('CLS 500', 83, NULL, NULL, 7671),
('CLS 55 AMG', 83, NULL, NULL, 7672),
('CLS 550', 83, NULL, NULL, 7673),
('CLS 63 AMG', 83, NULL, NULL, 7674),
('E Class', 83, NULL, 682, 7675),
('E 124', 83, NULL, NULL, 7676),
('E 200', 83, NULL, NULL, 7677),
('E 210', 83, NULL, NULL, 7678),
('E 220', 83, NULL, NULL, 7679),
('E 230', 83, NULL, NULL, 7680),
('E 240', 83, NULL, NULL, 7681),
('E 250', 83, NULL, NULL, 7682),
('E 260', 83, NULL, NULL, 7683),
('E 270', 83, NULL, NULL, 7684),
('E 280', 83, NULL, NULL, 7685),
('E 290', 83, NULL, NULL, 7686),
('E 300', 83, NULL, NULL, 7687),
('E 320', 83, NULL, NULL, 7688),
('E 350', 83, NULL, NULL, 7689),
('E 36 AMG', 83, NULL, NULL, 7690),
('E 400', 83, NULL, NULL, 7691),
('E 420', 83, NULL, NULL, 7692),
('E 430', 83, NULL, NULL, 7693),
('E 50', 83, NULL, NULL, 7694),
('E 500', 83, NULL, NULL, 7695),
('E 55', 83, NULL, NULL, 7696),
('E 55 AMG', 83, NULL, NULL, 7697),
('E 550', 83, NULL, NULL, 7698),
('E 60 AMG', 83, NULL, NULL, 7699),
('E 63 AMG', 83, NULL, NULL, 7700),
('E50 AMG', 83, NULL, NULL, 7701),
('EQA', 83, NULL, NULL, 7702),
('EQC', 83, 10382, NULL, 7703),
('EQS', 83, NULL, NULL, 7704),
('EQV', 83, NULL, NULL, 7705),
('G Class', 83, NULL, 681, 7706),
('G 230', 83, NULL, NULL, 7707),
('G 240', 83, NULL, NULL, 7708),
('G 250', 83, NULL, NULL, 7709),
('G 270', 83, NULL, NULL, 7710),
('G 280', 83, NULL, NULL, 7711),
('G 290', 83, NULL, NULL, 7712),
('G 300', 83, NULL, NULL, 7713),
('G 320', 83, NULL, NULL, 7714),
('G 350', 83, NULL, NULL, 7715),
('G 400', 83, NULL, NULL, 7716),
('G 500', 83, NULL, NULL, 7717),
('G 55 AMG', 83, NULL, NULL, 7718),
('G 63 AMG', 83, NULL, NULL, 7719),
('G 65 AMG', 83, NULL, NULL, 7720),
('GL Class', 83, NULL, 698, 7721),
('GL 320', 83, NULL, NULL, 7722),
('GL 350', 83, NULL, NULL, 7723),
('GL 420', 83, NULL, NULL, 7724),
('GL 450', 83, NULL, NULL, 7725),
('GL 500', 83, NULL, NULL, 7726),
('GL 55 AMG', 83, NULL, NULL, 7727),
('GL 550', 83, NULL, NULL, 7728),
('GL 63 AMG', 83, NULL, NULL, 7729),
('GLA Klasė', 83, NULL, 22807, 7730),
('GLA 180', 83, NULL, NULL, 7731),
('GLA 200', 83, NULL, NULL, 7732),
('GLA 220', 83, NULL, NULL, 7733),
('GLA 250', 83, NULL, NULL, 7734),
('GLA 45 AMG', 83, NULL, NULL, 7735),
('GLS 350', 83, NULL, NULL, 7736),
('GLS 400', 83, NULL, NULL, 7737),
('GLS 450', 83, NULL, NULL, 7738),
('GLS 500', 83, NULL, NULL, 7739),
('GLS 550', 83, NULL, NULL, 7740),
('GLS 63 AMG', 83, NULL, NULL, 7741),
('GLC Class', 83, NULL, NULL, 7742),
('GLC 220', 83, NULL, NULL, 7743),
('GLC 250', 83, NULL, NULL, 7744),
('GLC 300', 83, NULL, NULL, 7746),
('GLC 350', 83, NULL, NULL, 7747),
('GLC 43 AMG', 83, NULL, NULL, 7748),
('GLE Class', 83, NULL, NULL, 7749),
('GLE 250', 83, NULL, NULL, 7750),
('GLE 350', 83, NULL, NULL, 7751),
('GLE 400', 83, NULL, NULL, 7752),
('GLE 43 AMG', 83, NULL, NULL, 7753),
('GLE 450', 83, NULL, NULL, 7754),
('GLE 500', 83, NULL, NULL, 7755),
('GLE 63 AMG', 83, NULL, NULL, 7756),
('GLK', 83, NULL, NULL, 7757),
('GLK 200', 83, NULL, NULL, 7758),
('GLK 220', 83, NULL, NULL, 7759),
('GLK 250', 83, NULL, NULL, 7760),
('GLK 280', 83, NULL, NULL, 7761),
('GLK 300', 83, NULL, NULL, 7762),
('GLK 320', 83, NULL, NULL, 7763),
('GLK 350', 83, NULL, NULL, 7764),
('MB 100', 83, NULL, NULL, 7765),
('ML Class', 83, NULL, NULL, 7766),
('ML 230', 83, NULL, NULL, 7767),
('ML 250', 83, NULL, NULL, 7768),
('ML 270', 83, NULL, NULL, 7769),
('ML 280', 83, NULL, NULL, 7770),
('ML 300', 83, NULL, NULL, 7771),
('ML 320', 83, NULL, NULL, 7772),
('ML 350', 83, NULL, NULL, 7773),
('ML 400', 83, NULL, NULL, 7774),
('ML 420', 83, NULL, NULL, 7775),
('ML 430', 83, NULL, NULL, 7776),
('ML 450', 83, NULL, NULL, 7777),
('ML 500', 83, NULL, NULL, 7778),
('ML 53 AMG', 83, NULL, NULL, 7779),
('ML 55 AMG', 83, NULL, NULL, 7780),
('ML 550', 83, NULL, NULL, 7781),
('ML 63 AMG', 83, NULL, NULL, 7782),
('Monarch', 83, NULL, NULL, 7783),
('R Class', 83, NULL, NULL, 7784),
('R 280', 83, NULL, NULL, 7785),
('R 300', 83, NULL, NULL, 7786),
('R 320', 83, NULL, NULL, 7787),
('R 350', 83, NULL, NULL, 7788),
('R 500', 83, NULL, NULL, 7789),
('R 63 AMG', 83, NULL, NULL, 7790),
('S Class', 83, NULL, NULL, 7791),
('S 250', 83, NULL, NULL, 7792),
('S 260', 83, NULL, NULL, 7793),
('S 280', 83, NULL, NULL, 7794),
('S 300', 83, NULL, NULL, 7795),
('S 320', 83, NULL, NULL, 7796),
('S 350', 83, NULL, NULL, 7797),
('S 400', 83, NULL, NULL, 7798),
('S 420', 83, NULL, NULL, 7799),
('S 430', 83, NULL, NULL, 7800),
('S 450', 83, NULL, NULL, 7801),
('S 500', 83, NULL, NULL, 7802),
('S 55 AMG', 83, NULL, NULL, 7803),
('S 550', 83, NULL, NULL, 7804),
('S 560', 83, NULL, NULL, 7805),
('S 600', 83, NULL, NULL, 7806),
('S 63 AMG', 83, NULL, NULL, 7807),
('S 65 AMG', 83, NULL, NULL, 7808),
('SL Class', 83, NULL, NULL, 7809),
('SL 230', 83, NULL, NULL, 7810),
('SL 280', 83, NULL, NULL, 7811),
('SL 300', 83, NULL, NULL, 7812),
('SL 320', 83, NULL, NULL, 7813),
('SL 350', 83, NULL, NULL, 7814),
('SL 380', 83, NULL, NULL, 7815),
('SL 400', 83, NULL, NULL, 7816),
('SL 420', 83, NULL, NULL, 7817),
('SL 450', 83, NULL, NULL, 7818),
('SL 500', 83, NULL, NULL, 7819),
('SL 55 AMG', 83, NULL, NULL, 7820),
('SL 550', 83, NULL, NULL, 7821),
('SL 560', 83, NULL, NULL, 7822),
('SL 60 AMG', 83, NULL, NULL, 7823),
('SL 600', 83, NULL, NULL, 7824),
('SL 63 AMG', 83, NULL, NULL, 7825),
('SL 65 AMG', 83, NULL, NULL, 7826),
('SL 70 AMG', 83, NULL, NULL, 7827),
('SL 73 AMG', 83, NULL, NULL, 7828),
('SLS 63 AMG', 83, NULL, NULL, 7829),
('SLC Class', 83, NULL, NULL, 7830),
('SLC 180', 83, NULL, NULL, 7831),
('SLC 200', 83, NULL, NULL, 7832),
('SLC 250', 83, NULL, NULL, 7833),
('SLC 300', 83, NULL, NULL, 7834),
('SLC 43 AMG', 83, NULL, NULL, 7835),
('SLK Class', 83, NULL, NULL, 7836),
('SLK 200', 83, NULL, NULL, 7837),
('SLK 230', 83, NULL, NULL, 7838),
('SLK 250', 83, NULL, NULL, 7839),
('SLK 260', 83, NULL, NULL, 7840),
('SLK 280', 83, NULL, NULL, 7841),
('SLK 300', 83, NULL, NULL, 7842),
('SLK 32 AMG', 83, NULL, NULL, 7843),
('SLK 320', 83, NULL, NULL, 7844),
('SLK 350', 83, NULL, NULL, 7845),
('SLK 55 AMG', 83, NULL, NULL, 7846),
('SLR', 83, NULL, NULL, 7847),
('V Class', 83, NULL, NULL, 7849),
('V 200', 83, NULL, NULL, 7850),
('V 220', 83, NULL, NULL, 7851),
('V 230', 83, NULL, NULL, 7852),
('V 250', 83, NULL, NULL, 7853),
('V 280', 83, NULL, NULL, 7854),
('W123', 83, 10049, NULL, 7859),
('W124', 83, NULL, NULL, 7860),
('X Class', 83, NULL, NULL, 7861),
('X 220', 83, NULL, NULL, 7862),
('X 250', 83, NULL, NULL, 7863),
('X 350', 83, NULL, NULL, 7864),
('Comet', 84, NULL, NULL, 7867),
('Marquis', 84, NULL, NULL, 7871),
('Montego', 84, NULL, NULL, 7873),
('Monterey', 84, NULL, NULL, 7874),
('Zephyr', 84, NULL, NULL, 7879),
('F', 85, NULL, NULL, 7882),
('TD', 85, 1241, NULL, 7888),
('Cargo', 86, NULL, NULL, 7895),
('Due', 86, NULL, NULL, 7896),
('Ecology/Lyra', 86, NULL, NULL, 7897),
('Flex', 86, NULL, NULL, 7898),
('M.GO', 86, 386, NULL, 7899),
('M8', 86, NULL, 29785, 7900),
('MC1', 86, 387, NULL, 7901),
('MC2', 86, 388, NULL, 7902),
('Sherpa', 86, NULL, NULL, 7903),
('Virgo', 86, 389, NULL, 7904),
('Cooper SE', 87, NULL, NULL, 7913),
('Countryman S', 87, NULL, NULL, 7915),
('EV', 87, NULL, NULL, 7916),
('ONE', 87, 397, 649, 7917),
('Cosmos', 88, NULL, NULL, 7927),
('i-MiEV', 88, 10401, NULL, 7938),
('Tredia', 88, NULL, NULL, 7961),
('3-Wheeler', 89, NULL, NULL, 7964),
('Aero Max', 89, NULL, NULL, 7967),
('Plus E', 89, NULL, NULL, 7970),
('Supersport Pedal', 89, NULL, NULL, 7972),
('1500', 90, NULL, NULL, 7975),
('2138', 90, NULL, NULL, 7976),
('2142', 90, NULL, NULL, 7979),
('400', 90, NULL, NULL, 7980),
('402', 90, NULL, NULL, 7982),
('404', 90, NULL, NULL, 7984),
('410', 90, NULL, NULL, 7987),
('411', 90, NULL, NULL, 7988),
('415', 90, NULL, NULL, 7990),
('416', 90, NULL, NULL, 7991),
('420', 90, NULL, NULL, 7992),
('422', 90, NULL, NULL, 7993),
('426', 90, NULL, NULL, 7995),
('427', 90, NULL, NULL, 7996),
('432', 90, NULL, NULL, 7997),
('433', 90, NULL, NULL, 7998),
('444', 90, NULL, NULL, 8000),
('Aleko', 90, NULL, NULL, 8001),
('G1', 90, NULL, NULL, 8002),
('G2', 90, NULL, NULL, 8003),
('G3', 90, NULL, NULL, 8004),
('G4', 90, NULL, NULL, 8005),
('G5', 90, NULL, NULL, 8006),
('350 Z', 91, NULL, NULL, 8017),
('370 Z', 91, NULL, NULL, 8018),
('Figaro', 91, 10431, NULL, 8030),
('Kicks', 91, NULL, NULL, 8035),
('MV300', 91, NULL, NULL, 8044),
('NP300 Pickup', 91, NULL, NULL, 8047),
('PickUp', 91, NULL, NULL, 8053),
('Stanza', 91, 10461, NULL, 8068),
('Xterra', 91, 10466, NULL, 8080),
('1000', 92, NULL, NULL, 8083),
('RO 80', 92, NULL, NULL, 8084),
('Series 500', 93, NULL, NULL, 8087),
('Series N', 93, NULL, NULL, 8088),
('Dynamic 88', 94, NULL, NULL, 8097),
('Eighty - Eight', 94, NULL, NULL, 8098),
('Regency', 94, NULL, NULL, 8100),
('Supreme', 94, NULL, NULL, 8102),
('Club', 95, NULL, NULL, 8106),
('Special', 95, NULL, NULL, 8107),
('Ampera-e', 96, NULL, NULL, 8113),
('B6', 96, NULL, NULL, 8118),
('Commodore', 96, NULL, NULL, 8123),
('Pick up Sportcap', 96, NULL, NULL, 8142),
('Zafira Tourer', 96, NULL, 17314, 8152),
('206 CC', 97, NULL, NULL, 8164),
('206 plus', 97, NULL, NULL, 8165),
('207 CC', 97, NULL, NULL, 8168),
('307 CC', 97, NULL, NULL, 8176),
('308 CC', 97, NULL, NULL, 8178),
('395', 97, NULL, NULL, 8180),
('e-208', 97, NULL, NULL, 8198),
('Porter', 98, NULL, NULL, 8208),
('Belvedere', 100, NULL, NULL, 8211),
('Caravelle', 100, NULL, NULL, 8212),
('Duster', 100, NULL, NULL, 8213),
('Fury', 100, NULL, NULL, 8214),
('Gran Fury', 100, NULL, NULL, 8215),
('GTX', 100, NULL, NULL, 8217),
('Horizon', 100, NULL, NULL, 8218),
('Laser', 100, NULL, NULL, 8219),
('Road Runner', 100, NULL, NULL, 8221),
('Satellite', 100, NULL, NULL, 8222),
('Superbird', 100, NULL, NULL, 8223),
('Turismo', 100, NULL, NULL, 8224),
('Valiant', 100, NULL, NULL, 8225),
('1.5', 101, NULL, NULL, 8229),
('1.6', 101, NULL, NULL, 8230),
('Atu', 101, NULL, NULL, 8231),
('Caro', 101, NULL, NULL, 8232),
('1000', 102, NULL, NULL, 8235),
('Chieftain', 102, NULL, NULL, 8240),
('Firebird / Trans Am', 102, NULL, NULL, 8242),
('G5', 102, NULL, NULL, 8243),
('Le Mans', 102, NULL, NULL, 8249),
('718', 103, NULL, NULL, 8261),
('962', 103, NULL, NULL, 8269),
('Mission E', 103, NULL, NULL, 8276),
('Gen2', 104, NULL, NULL, 8281),
('Series 300', 104, NULL, NULL, 8284),
('Series 400', 104, NULL, NULL, 8285),
('10', 105, NULL, NULL, 8288),
('12', 105, 10481, NULL, 8290),
('14', 105, 10482, NULL, 8291),
('18', 105, 10486, NULL, 8292),
('20', 105, 10487, NULL, 8294),
('30', 105, 10489, NULL, 8297),
('8', 105, 10490, NULL, 8300),
('Alpine A110', 105, NULL, NULL, 8303),
('Alpine A310', 105, NULL, NULL, 8304),
('Alpine V6', 105, NULL, NULL, 8305),
('Arkana', 105, NULL, NULL, 8306),
('Coupe', 105, NULL, NULL, 8310),
('Scenic RX4', 105, NULL, NULL, 8333),
('Cullinan', 106, 10506, NULL, 8349),
('Dawn', 106, 10507, NULL, 8350),
('Silver Cloud', 106, 1148, NULL, 8355),
('Silver Down', 106, NULL, NULL, 8356),
('Silver Seraph', 106, 1150, NULL, 8357),
('Silver Shadow', 106, 1151, NULL, 8358),
('Silver Spirit', 106, 1152, NULL, 8359),
('Silver Spur', 106, 1153, NULL, 8360),
('Sweptail', 106, NULL, NULL, 8361),
('Touring Limousine', 106, NULL, NULL, 8362),
('Wraith', 106, 10509, NULL, 8363),
('111', 107, NULL, NULL, 8367),
('114', 107, NULL, NULL, 8368),
('115', 107, NULL, NULL, 8369),
('200', 107, 469, NULL, 8370),
('213', 107, NULL, NULL, 8371),
('214', 107, NULL, NULL, 8372),
('216', 107, NULL, NULL, 8373),
('218', 107, NULL, NULL, 8374),
('220', 107, NULL, NULL, 8375),
('400', 107, 473, NULL, 8377),
('414', 107, NULL, NULL, 8378),
('416', 107, NULL, NULL, 8379),
('418', 107, NULL, NULL, 8380),
('420', 107, 8590, NULL, 8381),
('600', 107, 475, NULL, 8383),
('618', 107, NULL, NULL, 8384),
('620', 107, 8591, NULL, 8385),
('623', 107, NULL, NULL, 8386),
('800', 107, 477, NULL, 8388),
('820', 107, NULL, NULL, 8389),
('825', 107, NULL, NULL, 8390),
('827', 107, NULL, NULL, 8391),
('City Rover', 107, 479, NULL, 8392),
('Estate', 107, NULL, NULL, 8393),
('MG', 107, NULL, NULL, 8395),
('SD', 107, NULL, NULL, 8398),
('Tourer', 107, NULL, NULL, 8400),
('QM5', 109, NULL, NULL, 8414),
('PS-300', 110, NULL, NULL, 8417),
('PS-350', 110, NULL, NULL, 8418),
('Astra', 111, 1503, NULL, 8421),
('iQ', 112, NULL, 18708, 8433),
('tC', 112, NULL, 1471, 8434),
('xA', 112, NULL, 1469, 8435),
('xB', 112, NULL, 1470, 8436),
('xD', 112, NULL, 10385, 8437),
('el-Born', 113, NULL, NULL, 8446),
('Mii Electric', 113, NULL, NULL, 8454),
('Ronda', 113, NULL, NULL, 8455),
('100', 115, NULL, NULL, 8463),
('Citigo e iV', 115, NULL, NULL, 8469),
('RAPID', 115, 8985, 17631, 8480),
('Superb iV', 115, NULL, NULL, 8484),
('Roomster', 116, NULL, NULL, 8496),
('MUSSO', 117, 2118, 130, 8507),
('REXTON', 117, 2120, 129, 8508),
('XLV', 117, NULL, NULL, 8511),
('1800 Coupe', 118, NULL, NULL, 8514),
('B9 Tribeca', 118, 1952, NULL, 8515),
('G3X Justy', 118, NULL, NULL, 8519),
('Impreza WRX', 118, 1956, NULL, 8521),
('OUTBACK', 118, 1963, 320, 8528),
('WRX STi', 118, NULL, NULL, 8534),
('XT', 118, 10523, NULL, 8535),
('Celerio', 119, NULL, 24741, 8544),
('XL-7', 119, 2151, NULL, 8570),
('101', 120, NULL, NULL, 8574),
('102', 120, NULL, NULL, 8575),
('103', 120, NULL, NULL, 8576),
('104', 120, NULL, NULL, 8577),
('105', 120, NULL, NULL, 8578),
('Bosto', 120, NULL, NULL, 8579),
('R-20', 120, NULL, NULL, 8580),
('Rancho', 121, NULL, NULL, 8584),
('233', 122, NULL, NULL, 8588),
('235', 122, NULL, NULL, 8589),
('237', 122, NULL, NULL, 8590),
('Honker', 122, NULL, NULL, 8591),
('Aria', 123, NULL, NULL, 8594),
('Bolt', 123, NULL, NULL, 8595),
('Estate', 123, NULL, NULL, 8596),
('Hexa', 123, NULL, NULL, 8597),
('Pick-Up', 123, NULL, NULL, 8601),
('T613', 124, NULL, NULL, 8609),
('T613-4', 124, NULL, NULL, 8610),
('T700', 124, NULL, NULL, 8611),
('ZAZ 1102', 125, NULL, NULL, 8614),
('ZAZ 1103', 125, NULL, NULL, 8615),
('ZAZ 1105', 125, NULL, NULL, 8616),
('4-Runner', 128, NULL, NULL, 8627),
('Camry Solara', 128, 10541, NULL, 8637),
('CH-R', 128, NULL, NULL, 8640),
('FJ', 128, NULL, NULL, 8650),
('GT86', 128, 9901, NULL, 8651),
('Lite-Ace', 128, NULL, NULL, 8659),
('MR2', 128, 934, NULL, 8662),
('Prius c', 128, 10581, 19280, 8668),
('ProAce', 128, NULL, 19527, 8670),
('ProAce Verso', 128, NULL, 28117, 8671),
('RAV-4', 128, NULL, NULL, 8672),
('Scion', 128, NULL, NULL, 8674),
('Scion TC', 128, NULL, NULL, 8675),
('Starlet', 128, 942, 215, 8681),
('P 50/60', 129, NULL, NULL, 8695),
('GT6', 130, NULL, NULL, 8699),
('Herald', 130, 1942, NULL, 8700),
('Stag', 130, 1944, NULL, 8703),
('TR1', 130, NULL, NULL, 8704),
('TR2', 130, NULL, NULL, 8705),
('TR3', 130, 1945, NULL, 8706),
('TR4', 130, 1946, NULL, 8707),
('TR5', 130, NULL, NULL, 8708),
('TR7', 130, 1948, NULL, 8710),
('TR8', 130, 1949, NULL, 8711),
('Cerbera', 131, 519, NULL, 8714),
('Chimaera', 131, 520, NULL, 8715),
('Griffith', 131, 521, NULL, 8716),
('Tamora', 131, 524, NULL, 8717),
('Tasmin', 131, NULL, NULL, 8718),
('Tuscan', 131, 525, NULL, 8719),
('Vixen', 131, 526, NULL, 8720),
('3153', 132, NULL, NULL, 8727),
('3162', 132, NULL, NULL, 8728),
('469 B', 132, NULL, NULL, 8735),
('Corsa E', 133, NULL, NULL, 8742),
('Frontera', 133, 548, NULL, 8743),
('Mokka X EV', 133, NULL, NULL, 8744),
('Omega', 133, 554, NULL, 8745),
('181', 134, NULL, NULL, 8748),
('Buggy', 134, NULL, 18700, 8754),
('CC', 134, NULL, NULL, 8758),
('e-Crafter', 134, NULL, NULL, 8763),
('e-Golf', 134, NULL, NULL, 8764),
('e-Up', 134, NULL, NULL, 8765),
('Garbus', 134, NULL, NULL, 8768),
('ID. Buzz', 134, NULL, NULL, 8772),
('ID. Crozz', 134, NULL, NULL, 8773),
('ID.3', 134, NULL, NULL, 8774),
('Iltis', 134, 10624, NULL, 8775),
('Kafer', 134, NULL, NULL, 8777),
('Lavida', 134, 10626, NULL, 8779),
('New Beetle', 134, NULL, NULL, 8783),
('up!', 134, NULL, NULL, 8802),
('Polestar 1', 135, NULL, NULL, 8832),
('Polestar 2', 135, NULL, NULL, 8833),
('S60 Cross Country', 135, NULL, 27883, 8836),
('V40 cross country', 135, NULL, 21500, 8841),
('V60 cross country', 135, NULL, 24580, 8844),
('XC 60', 135, NULL, NULL, 8848),
('XC 70', 135, NULL, NULL, 8849),
('XC 90', 135, NULL, NULL, 8850),
('203', 136, NULL, NULL, 8854),
('204', 136, NULL, NULL, 8855),
('223', 136, NULL, NULL, 8856),
('224', 136, NULL, NULL, 8857),
('M-20', 136, NULL, NULL, 8858),
('Pick-up', 136, NULL, NULL, 8859),
('1.3', 137, NULL, NULL, 8862),
('312', 137, NULL, NULL, 8864),
('313', 137, NULL, NULL, 8865),
('MF 25', 138, NULL, NULL, 8869),
('MF 28', 138, NULL, NULL, 8870),
('MF 3', 138, NULL, NULL, 8871),
('MF 30', 138, NULL, NULL, 8872),
('MF 35', 138, NULL, NULL, 8873),
('MF 4', 138, NULL, NULL, 8874),
('102', 139, NULL, NULL, 8876),
('Florida', 139, NULL, NULL, 8877),
('Koral', 139, NULL, NULL, 8878),
('1100', 140, NULL, NULL, 8881),
('750', 140, NULL, NULL, 8882),
('968B', 141, NULL, NULL, 8889),
('Ace', 2, 269, 1416, 10913),
('Aceca', 2, 270, 1415, 10914),
('Cobra', 2, 271, 1414, 10915),
('CL', 3, 9003, 1411, 10916),
('EL', 3, 9004, 1410, 10917),
('ILX', 3, 9005, 18753, 10918),
('Integra', 3, 9006, 1409, 10919),
('MDX', 3, 9007, 1408, 10920),
('NSX', 3, 9008, 1407, 10921),
('RDX', 3, 9009, 1413, 10922),
('RL', 3, NULL, 1406, 10923),
('RLX', 3, NULL, 25032, 10924),
('RSX', 3, 9010, 1405, 10925),
('SLX', 3, 9011, 1404, 10926),
('TL', 3, 9012, 1403, 10927),
('TLX', 3, 9013, 24460, 10928),
('TSX', 3, 9014, 1402, 10929),
('Vigor', 3, 9015, 1401, 10930),
('ZDX', 3, 9016, 18689, 10931),
('400', 4, 274, 1423, 10932),
('500', 4, 275, 1424, 10933),
('A751', 4, 277, 24771, 10934),
('City', 4, NULL, 24625, 10935),
('Crossline', 4, 279, 18641, 10936),
('Ligier', 4, NULL, 18639, 10937),
('Scouty', 4, NULL, 18699, 10938),
('145', 5, 1733, 1394, 10939),
('146', 5, 10102, 1393, 10940),
('147', 5, 1734, 1392, 10941),
('155', 5, 1735, 1391, 10942),
('156', 5, 1736, 1390, 10943),
('159', 5, 1737, 1400, 10944),
('164', 5, 1738, 1389, 10945),
('166', 5, 1739, 1388, 10946),
('33', 5, 10103, 1387, 10947),
('4C', 5, 10104, 24588, 10948),
('75', 5, 1741, 1386, 10949),
('8C', 5, 1742, 16194, 10950),
('90', 5, NULL, 1385, 10951),
('Alfasud', 5, NULL, 16188, 10952),
('Alfetta', 5, 10087, 16190, 10953),
('Arna', 5, NULL, 1384, 10954),
('Brera', 5, 1743, 1399, 10955),
('Crosswagon Q4', 5, NULL, 1397, 10956),
('Giulia', 5, 1744, 16191, 10957),
('Giulietta', 5, 1745, 1383, 10958),
('GT', 5, 1746, 1396, 10959),
('GTV', 5, 1747, 1382, 10960),
('Junior', 5, NULL, 16195, 10961),
('Mito', 5, 1748, 11090, 10962),
('RZ/SZ', 5, NULL, 1381, 10963),
('Spider', 5, 1749, 1380, 10964),
('Sportwagon', 5, NULL, 1398, 10965),
('Sprint', 5, NULL, 16192, 10966),
('B10', 6, 285, 1455, 10968),
('B12', 6, 286, 1462, 10969),
('B3', 6, 287, 1456, 10970),
('B5', 6, 288, 1460, 10971),
('B6', 6, 289, 1461, 10972),
('B7', 6, 290, 1457, 10973),
('B8', 6, 291, 16196, 10974),
('D10', 6, 292, 1463, 10975),
('D3', 6, 293, 1459, 10976),
('D5', 6, 10109, 28789, 10977),
('Roadster S', 6, 294, 1458, 10978),
('XD3', 6, 10111, 29871, 10979),
('Ambassador', 144, NULL, 1508, 10980),
('Concord', 144, NULL, 1516, 10981),
('Eagle', 144, NULL, 1518, 10982),
('Gremlin', 144, NULL, 1513, 10983),
('Javelin', 144, NULL, 1511, 10984),
('Matador', 144, NULL, 1514, 10985),
('Pacer', 144, NULL, 1515, 10986),
('Rambler', 144, NULL, 1512, 10987),
('Rebel', 144, NULL, 1509, 10988),
('Spirit', 144, NULL, 1517, 10989),
('10', 7, NULL, 1376, 10990),
('24', 7, NULL, 1375, 10991),
('243', 7, NULL, 1374, 10992),
('244', 7, NULL, 1373, 10993),
('245', 7, NULL, 1372, 10994),
('246', 7, NULL, 1371, 10995),
('K450', 7, NULL, 1378, 10996),
('Spartana', 7, NULL, 1370, 10997),
('Hi-Topic', 8, NULL, 1368, 10998),
('Retona', 8, NULL, 1367, 10999),
('Rocsta', 8, NULL, 1366, 11000),
('Towner', 8, NULL, 16184, 11001),
('AR1', 145, 1909, 16197, 11002),
('Cygnet', 145, 10114, 21481, 11003),
('DB', 145, 1911, 16205, 11004),
('DB7', 145, 1912, 1363, 11005),
('DB9', 145, 1913, 1365, 11006),
('DBS', 145, 1914, 16199, 11007),
('Lagonda', 145, 1915, 1362, 11008),
('Rapide', 145, 1916, 16198, 11009),
('Vanquish', 145, 1918, 1361, 11010),
('Vantage', 145, 1919, 1360, 11011),
('Virage', 145, 1920, 1359, 11012),
('Volante', 145, 1921, 1358, 11013),
('Zagato', 145, 1922, 1357, 11014),
('100', 10, 958, 1346, 11015),
('200', 10, 8991, 1345, 11016),
('5000', 10, NULL, 16037, 11017),
('80', 10, 959, 1344, 11018),
('90', 10, 960, 1343, 11019),
('A1', 10, 961, 16207, 11020),
('A2', 10, 962, 1342, 11021),
('A3', 10, 963, 1341, 11022),
('A4', 10, 965, 1340, 11023),
('A5', 10, 967, 1354, 11025),
('A5 SPORTBACK', 10, 968, 16503, 11026),
('A6', 10, 969, 1339, 11027),
('A6 ALLROAD', 10, 970, 11593, 11028),
('A7 SPORTBACK', 10, 972, 16504, 11029),
('A8', 10, 973, 1338, 11030),
('Allroad', 10, 974, 1337, 11031),
('Cabriolet', 10, 975, 1336, 11032),
('Coupe', 10, 977, 1350, 11033),
('e-tron', 10, 10116, 28923, 11034),
('Q2', 10, 10040, 25020, 11035),
('Q3', 10, 978, 16770, 11036),
('Q4 e-tron', 10, NULL, 29939, 11037),
('Q5', 10, 979, 10856, 11038),
('Q7', 10, 980, 1353, 11039),
('Q8', 10, 10117, 28649, 11040),
('Quattro', 10, 981, 1351, 11041),
('R8', 10, 982, 1356, 11042),
('RS Q3', 10, 10119, 19848, 11043),
('RS2', 10, 983, 1348, 11044),
('RS3', 10, 8987, 24357, 11045),
('RS4', 10, 984, 1335, 11046),
('RS5', 10, 8982, 16200, 11047),
('RS6', 10, 985, 1334, 11048),
('RS7', 10, 8988, 19849, 11049),
('S1', 10, 10120, 19851, 11050),
('S2', 10, 986, 1349, 11051),
('S3', 10, 987, 1333, 11052),
('S4', 10, 988, 1332, 11053),
('S5', 10, 10121, 1355, 11054),
('S6', 10, 989, 1331, 11055),
('S7', 10, 8718, 19646, 11056),
('S8', 10, 990, 1330, 11057),
('SQ5', 10, 8918, 19850, 11058),
('SQ7', 10, 10122, 25001, 11059),
('SQ8', 10, NULL, 30071, 11060),
('TT', 10, 991, 1329, 11061),
('TT RS', 10, NULL, 24658, 11062),
('TTS', 10, 992, 16206, 11063),
('V8', 10, 993, 1328, 11064),
('MK 3000', 147, NULL, 27795, 11067),
('VX 550', 14, NULL, 28323, 11068),
('Arnage', 15, 1333, 1326, 11069),
('Azure', 15, 1334, 1325, 11070),
('Bentayga', 15, 9984, 25021, 11071),
('Brooklands', 15, 1336, 1324, 11072),
('Continental', 15, 1337, 1323, 11073),
('Eight', 15, 1342, 11076, 11074),
('Flying Spur', 15, NULL, 19698, 11075),
('Mulsanne', 15, 1343, 16210, 11076),
('S1', 15, 1345, 15968, 11077),
('Turbo R', 15, 1350, 25165, 11078),
('1 serija', 16, NULL, 1318, 11079),
('1502', 16, NULL, 25036, 11080),
('1602', 16, NULL, 25033, 11081),
('1802', 16, NULL, 25035, 11082),
('2 serija', 16, NULL, 19786, 11083),
('2002', 16, NULL, 25034, 11084),
('2800CS', 16, NULL, 18456, 11085),
('3 serija', 16, NULL, 1319, 11086),
('4 serija', 16, NULL, 18817, 11087),
('5 serija', 16, NULL, 1313, 11088),
('6 serija', 16, NULL, 1320, 11089),
('7 serija', 16, NULL, 1315, 11090),
('8 serija', 16, NULL, 1314, 11091),
('i serija', 16, NULL, 19805, 11092),
('M serija', 16, NULL, 11127, 11093),
('X serija', 16, NULL, 11131, 11094),
('Z serija', 16, NULL, 11133, 11095),
('Bluecar', 148, NULL, 29867, 11096),
('Andere', 17, NULL, 19324, 11098),
('BC3', 17, NULL, 19320, 11099),
('BS2', 17, NULL, 19321, 11100),
('BS4', 17, NULL, 19322, 11101),
('BS6', 17, NULL, 19323, 11102),
('Veyron', 18, 312, 19783, 11103),
('Century', 19, 708, 1298, 11104),
('Electra', 19, 709, 1297, 11105),
('Enclave', 19, 710, 16211, 11106),
('Encore', 19, 10148, 22764, 11107),
('Envision', 19, NULL, 30137, 11108),
('LaCrosse', 19, 711, 1301, 11109),
('Le Sabre', 19, NULL, 21482, 11110),
('LeSabre', 19, 712, 1296, 11111),
('Lucerne', 19, 713, 1302, 11112),
('Park Avenue', 19, 10151, 1295, 11113),
('Rainier', 19, 714, 1300, 11114),
('Regal', 19, 715, 1294, 11115),
('Rendezvous', 19, 716, 1293, 11116),
('Riviera', 19, 717, 1292, 11117),
('Roadmaster', 19, 718, 1291, 11118),
('Skylark', 19, 719, 1290, 11119),
('Super', 19, NULL, 27825, 11120),
('Terraza', 19, 720, 1303, 11121),
('Verano', 19, NULL, 18755, 11122),
('Wildcat', 19, NULL, 27827, 11123),
('Allante', 20, 567, 1285, 11124),
('ATS', 20, NULL, 18703, 11125),
('BLS', 20, 568, 1288, 11126),
('Catera', 20, 569, 1284, 11127),
('CT6', 20, 10154, 27395, 11128),
('CTS', 20, 571, 1283, 11129),
('DTS', 20, 573, 16781, 11131),
('Eldorado', 20, 574, 1281, 11132),
('Escalade', 20, 575, 1280, 11133),
('Fleetwood', 20, 576, 1279, 11134),
('Seville', 20, 577, 1277, 11135),
('SRX', 20, 578, 1287, 11136),
('STS', 20, 579, 1289, 11137),
('Vizon', 20, 580, 1276, 11138),
('XLR', 20, 581, 1275, 11139),
('XT5', 20, 10157, 27393, 11140),
('XTS', 20, NULL, 19659, 11141),
('2500', 24, 656, 16212, 11142),
('Alero', 24, 657, 1253, 11143),
('Astro', 24, 658, 1252, 11144),
('Avalanche', 24, 659, 1257, 11145),
('Aveo', 24, 660, 1266, 11146),
('Bel Air', 24, 661, 15985, 11147),
('Beretta', 24, 662, 1251, 11148),
('Blazer', 24, NULL, 1250, 11149),
('C1500', 24, NULL, 16213, 11150),
('Bolt', 24, NULL, 27997, 11151),
('Camaro', 24, 663, 1249, 11152),
('Caprice', 24, 664, 1248, 11153),
('Captiva', 24, 665, 1273, 11154),
('Cavalier', 24, 666, 1247, 11155),
('Chevelle', 24, 667, 16014, 11156),
('Chevy Van', 24, NULL, 1265, 11157),
('Citation', 24, 668, 16215, 11158),
('Cobalt', 24, 669, 16776, 11159),
('Colorado', 24, 670, 1261, 11160),
('Corsica', 24, 671, 1245, 11161),
('Corvette', 24, 672, 1244, 11162),
('Cruze', 24, 673, 16137, 11163),
('El Camino', 24, 674, 16020, 11164),
('Epica', 24, 675, 1267, 11165),
('Equinox', 24, 676, 1263, 11166),
('Evanda', 24, 677, 1274, 11167),
('Express', 24, 678, 1243, 11168),
('HHR', 24, 679, 1269, 11169),
('Impala', 24, 680, 1242, 11170),
('Ipanema', 24, 681, 1241, 11171),
('Kalos', 24, 682, 1256, 11172),
('Lacetti', 24, 683, 1270, 11173),
('Lumina', 24, 684, 1240, 11174),
('M-1009', 24, 685, 15650, 11175),
('Malibu', 24, 686, 1239, 11176),
('Matiz', 24, 687, 1260, 11177),
('Metro', 24, 688, 1238, 11178),
('Monte Carlo', 24, 689, 1237, 11179),
('Monza', 24, 690, 1236, 11180),
('Nubira', 24, 691, 1255, 11181),
('Orlando', 24, 692, 16680, 11182),
('Pickup', 24, NULL, 1272, 11183),
('Prizm', 24, 10171, 1235, 11184),
('Rezzo', 24, 10172, 1228, 11185),
('S-10', 24, 693, 1234, 11186),
('Silverado', 24, 694, 1258, 11187),
('Sonic', 24, 10174, 18704, 11188),
('Spark', 24, 695, 1262, 11189),
('Special Deluxe', 24, NULL, 24535, 11190),
('SS', 24, NULL, 27769, 11191),
('SSR', 24, 696, 1259, 11192),
('Suburban', 24, 697, 1233, 11193),
('Tacuma', 24, 10177, 1271, 11194),
('Tahoe', 24, 699, 1232, 11195),
('Tracker', 24, 700, 1231, 11196),
('TrailBlazer', 24, 701, 1230, 11197),
('Trans Sport', 24, 702, 1264, 11198),
('Traverse', 24, 703, 16566, 11199),
('Trax', 24, 9916, 18749, 11200),
('Uplander', 24, 704, 1268, 11201),
('Venture', 24, 705, 1229, 11202),
('Volt', 24, 10186, 17399, 11203),
('200', 25, 778, 16857, 11204),
('300', 25, 779, 11087, 11205),
('300C', 25, 780, 1224, 11206),
('300M', 25, 781, 1219, 11207),
('Aspen', 25, 782, 16219, 11208),
('Cirrus', 25, 783, 1218, 11209),
('Concorde', 25, 784, 1217, 11210),
('Conquest', 25, NULL, 1227, 11211),
('Crossfire', 25, 785, 1222, 11212),
('Daytona', 25, 786, 16216, 11213),
('Daytona Shelby', 25, NULL, 1216, 11214),
('ES', 25, 788, 16217, 11215),
('Grand Voyager', 25, 789, 1215, 11216),
('Imperial', 25, 790, 16220, 11217),
('Intrepid', 25, 791, 1221, 11218),
('Le Baron', 25, 792, 1214, 11219),
('LHS', 25, 793, 1213, 11220),
('Neon', 25, 794, 1212, 11221),
('New Yorker', 25, 795, 1211, 11222),
('Newport', 25, NULL, 18602, 11223),
('Pacifica', 25, 796, 1223, 11224),
('Plymouth', 25, NULL, 18547, 11225),
('Prowler', 25, 797, 1210, 11226),
('PT Cruiser', 25, 798, 1209, 11227),
('Saratoga', 25, 799, 1208, 11228),
('Sebring', 25, 800, 1207, 11229),
('Stratus', 25, 801, 1206, 11230),
('Town & Country', 25, 802, 1205, 11231),
('Valiant', 25, 803, 16218, 11232),
('Viper', 25, 804, 1204, 11233),
('Vision', 25, 805, 1203, 11234),
('Voyager', 25, 806, 1202, 11235),
('2 CV', 26, NULL, 16221, 11236),
('AX', 26, 874, 1190, 11237),
('Berlingo', 26, 875, 1189, 11238),
('BX', 26, 10191, 1188, 11239),
('C-Crosser', 26, 877, 1199, 11240),
('C-Zero', 26, NULL, 21483, 11242),
('C1', 26, 9000, 1196, 11243),
('C15', 26, 10192, 17196, 11244),
('C2', 26, 879, 1186, 11245),
('C25', 26, NULL, 1185, 11246),
('C3', 26, 880, 1192, 11247),
('C3 Aircross', 26, 10193, 27841, 11248),
('C3 Pluriel', 26, 9890, 18733, 11250),
('C4', 26, 882, 1193, 11251),
('C4 Aircross', 26, 9906, 17458, 11252),
('C4 Cactus', 26, 9907, 19853, 11253),
('C4 Picasso', 26, 884, 11772, 11254),
('C5', 26, 885, 1184, 11255),
('C6', 26, 886, 1194, 11257),
('C8', 26, 887, 1183, 11258),
('CX', 26, 888, 1182, 11259),
('DS', 26, 890, 1195, 11260),
('DS3', 26, 891, 16223, 11261),
('DS4', 26, 892, 17312, 11262),
('DS5', 26, 893, 17340, 11263),
('Evasion', 26, 10196, 1181, 11265),
('Grand C4 Picasso', 26, NULL, 1198, 11266),
('GSA', 26, NULL, 16222, 11267),
('Jumper', 26, 8922, 1180, 11268),
('Jumpy', 26, 8923, 1179, 11269),
('Nemo', 26, 894, 1200, 11270),
('Saxo', 26, 896, 1178, 11271),
('SM', 26, 897, 16224, 11272),
('Synergie', 26, 898, 1177, 11274),
('Visa', 26, NULL, 1176, 11275),
('Xantia', 26, 899, 1175, 11276),
('XM', 26, 900, 1174, 11277),
('Xsara', 26, 901, 1173, 11278),
('Xsara Picasso', 26, NULL, 1172, 11279),
('ZX', 26, 903, 1171, 11280),
('AC', 150, NULL, 19831, 11281),
('Ateca', 151, NULL, 28899, 11282),
('Dokker', 29, NULL, 17622, 11283),
('Duster', 29, 323, 16225, 11284),
('Lodgy', 29, 9909, 17621, 11285),
('Logan', 29, 324, 1449, 11286),
('Sandero', 29, 325, 10855, 11287),
('Espero', 30, 328, 1160, 11288),
('Evanda', 30, NULL, 1161, 11289),
('Istana', 30, NULL, 1159, 11290),
('Kalos', 30, 329, 1158, 11291),
('Korando', 30, 330, 1157, 11292),
('Labo', 30, NULL, 1156, 11293),
('Lacetti', 30, 331, 1169, 11294),
('Lanos', 30, 332, 1155, 11295),
('Leganza', 30, 333, 1154, 11296),
('Lublin', 30, NULL, 1153, 11297),
('Magnus', 30, 10207, 1152, 11298),
('Matiz', 30, 334, 1151, 11299),
('Musso', 30, 335, 1150, 11300),
('Nexia', 30, 336, 1149, 11301),
('Nubira', 30, 337, 1148, 11302),
('Polonez', 30, NULL, 1147, 11303),
('Prince', 30, 10208, 1146, 11304),
('Racer', 30, 10209, 1145, 11305),
('Rexton', 30, NULL, 1170, 11306),
('Rezzo', 30, NULL, 1144, 11307),
('Tacuma', 30, 338, 1143, 11308),
('Tico', 30, 10210, 1142, 11309),
('33', 31, NULL, 25078, 11310),
('44', 31, NULL, 25076, 11311),
('46', 31, NULL, 25079, 11312);
INSERT INTO `models` (`model_name`, `make_id`, `autobilis_model_id`, `autoplius_model_id`, `id`) VALUES
('55', 31, NULL, 25074, 11313),
('600', 31, NULL, 25077, 11314),
('66', 31, NULL, 25075, 11315),
('1000', 32, NULL, 18469, 11316),
('Applause', 32, 10214, 1135, 11317),
('Charade', 32, 340, 1133, 11318),
('Charmant', 32, NULL, 1132, 11319),
('Copen', 32, 341, 1138, 11320),
('Cuore', 32, 10218, 1131, 11321),
('Delta', 32, NULL, 1130, 11322),
('Feroza', 32, 10220, 1129, 11323),
('Freeclimber', 32, NULL, 16226, 11324),
('Gran Move', 32, 10221, 1128, 11325),
('Hi Jet', 32, NULL, 1127, 11326),
('Leeza', 32, 10222, 1126, 11327),
('Materia', 32, 346, 1141, 11328),
('Max', 32, 10223, 1125, 11329),
('Mira', 32, 10224, 17197, 11330),
('Move', 32, 347, 1123, 11331),
('Naked', 32, 10225, 1122, 11332),
('Opti', 32, NULL, 1120, 11333),
('Rocky', 32, 10226, 1121, 11334),
('Sirion', 32, 348, 1119, 11335),
('Sparcar', 32, NULL, 16202, 11336),
('Terios', 32, 350, 1118, 11337),
('Trevis', 32, 10230, 1139, 11338),
('Valera', 32, NULL, 1140, 11339),
('YRV', 32, 351, 1117, 11340),
('240z', 152, NULL, 27773, 11341),
('260z', 152, NULL, 16090, 11342),
('280z', 152, NULL, 18796, 11343),
('DMC-12', 153, NULL, 18737, 11344),
('Adventurer', 154, NULL, 19743, 11345),
('Airflow', 154, NULL, 19744, 11346),
('Airstream', 154, NULL, 19745, 11347),
('Custom', 154, NULL, 19746, 11348),
('Deluxe', 154, NULL, 19748, 11349),
('Diplomat', 154, NULL, 19747, 11350),
('Firedome', 154, NULL, 19749, 11351),
('Fireflite', 154, NULL, 19750, 11352),
('Firesweep', 154, NULL, 19751, 11353),
('Powermaster', 154, NULL, 19752, 11354),
('Avenger', 36, 10232, 1109, 11355),
('Caliber', 36, 1249, 1115, 11356),
('Caravan', 36, 1250, 1108, 11357),
('Challenger', 36, 1251, 16099, 11358),
('Charger', 36, 1252, 1113, 11359),
('Dakota', 36, 1253, 1107, 11360),
('Dart', 36, 1254, 18707, 11361),
('Demon', 36, NULL, 16228, 11362),
('Durango', 36, 1256, 1106, 11363),
('Grand Caravan', 36, NULL, 1105, 11364),
('Hornet', 36, NULL, 16227, 11365),
('Intrepid', 36, 1257, 1104, 11366),
('Journey', 36, 1258, 16092, 11367),
('Magnum', 36, 1259, 1112, 11368),
('Neon', 36, 1260, 1103, 11369),
('Nitro', 36, 1261, 1116, 11370),
('Spirit', 36, 1263, 1102, 11372),
('Stealth', 36, 1264, 1101, 11373),
('Stratus', 36, 1265, 1100, 11374),
('Viper', 36, 1266, 1099, 11375),
('Voyager', 36, 1267, 17198, 11376),
('DS3', 156, NULL, 29767, 11377),
('DS4', 156, NULL, 29769, 11378),
('DS4 Crossback', 156, NULL, 29771, 11379),
('DS5', 156, NULL, 29773, 11380),
('DS7 Crossback', 156, NULL, 29775, 11381),
('Summit', 37, NULL, 1097, 11382),
('Summit Wagon', 37, NULL, 1096, 11383),
('Talon', 37, NULL, 1095, 11384),
('Vision', 37, NULL, 1094, 11385),
('208', 39, 2046, 16230, 11386),
('246', 39, 2047, 16231, 11387),
('250', 39, 2048, 16232, 11388),
('275', 39, 2049, 16233, 11389),
('288', 39, 2050, 16234, 11390),
('308', 39, 2051, 16235, 11391),
('328', 39, 2052, 16236, 11392),
('330', 39, 2053, 16237, 11393),
('348', 39, 10236, 1093, 11394),
('360', 39, 10237, 1089, 11395),
('365', 39, 2056, 16238, 11396),
('400', 39, 2057, 16239, 11397),
('412', 39, 2058, 16240, 11398),
('456', 39, 10238, 1086, 11399),
('458', 39, 10239, 16229, 11400),
('488 GTB', 39, NULL, 28711, 11401),
('488 Spider', 39, NULL, 28713, 11402),
('512', 39, 2061, 16245, 11403),
('550', 39, 2062, 1085, 11404),
('575', 39, 2063, 1084, 11405),
('599 GTB Fiorano', 39, 2064, 1092, 11406),
('612', 39, 2065, 16246, 11407),
('612 Scaglietti', 39, 2066, 1090, 11408),
('750', 39, 2067, 16247, 11409),
('812 Superfast', 39, 10244, 28707, 11410),
('Barchetta', 39, 2068, 1079, 11411),
('California', 39, 2069, 16250, 11412),
('Daytona', 39, 2070, 16248, 11413),
('Enzo', 39, 2071, 1078, 11414),
('F355', 39, 2072, 1083, 11415),
('F360', 39, NULL, 18638, 11416),
('F40', 39, 2073, 1087, 11417),
('F430', 39, 2074, 1091, 11418),
('F50', 39, 2075, 1081, 11419),
('F512', 39, 2076, 1080, 11420),
('FF', 39, 10246, 28979, 11421),
('GTC4Lusso', 39, 10247, 28709, 11422),
('LaFerrari', 39, 10248, 28717, 11423),
('Maranello', 39, 2077, 1077, 11424),
('Mondial', 39, 2078, 1076, 11425),
('Portofino', 39, 10249, 28715, 11426),
('Superamerica', 39, 2079, 16249, 11427),
('Testarossa', 39, 2080, 1075, 11428),
('124', 40, 833, 16251, 11429),
('126', 40, 834, 1065, 11430),
('127', 40, 835, 16252, 11431),
('130', 40, 836, 16253, 11432),
('131', 40, NULL, 16139, 11433),
('500', 40, 837, 1074, 11434),
('500 Abarth', 40, NULL, 19618, 11435),
('500L', 40, 9911, 19845, 11436),
('500X', 40, 9912, 24616, 11437),
('850 Spider ', 40, NULL, 18459, 11438),
('Albea', 40, 838, 1067, 11439),
('Barchetta', 40, 839, 1064, 11440),
('Brava', 40, 840, 1063, 11441),
('Bravo', 40, 841, 1062, 11442),
('Cinquecento', 40, 842, 1061, 11443),
('Coupe', 40, 843, 1060, 11444),
('Croma', 40, 844, 1059, 11445),
('Dino', 40, 845, 16255, 11446),
('Doblo', 40, 846, 1058, 11447),
('Ducato', 40, 8924, 1069, 11448),
('Duna', 40, NULL, 1057, 11449),
('Fiorino', 40, 847, 1056, 11450),
('Freemont', 40, 9913, 18706, 11451),
('Fullback', 40, 9980, 25167, 11452),
('Grande Punto', 40, 857, 1072, 11453),
('Idea', 40, 848, 1068, 11454),
('Linea', 40, 849, 11031, 11455),
('Marea', 40, 850, 1055, 11456),
('Marengo', 40, NULL, 1070, 11457),
('Multipla', 40, 851, 1054, 11458),
('Palio', 40, 852, 1053, 11459),
('Palio Weekend', 40, 853, 11736, 11460),
('Panda', 40, 854, 1052, 11461),
('Punto', 40, 855, 1051, 11462),
('Punto Evo', 40, 856, 16244, 11463),
('Qubo', 40, 858, 16254, 11464),
('Regata', 40, 859, 1050, 11465),
('Ritmo', 40, 860, 1049, 11466),
('Scudo', 40, 861, 1048, 11467),
('Sedici', 40, 862, 1073, 11468),
('Seicento', 40, 863, 1047, 11469),
('Stilo', 40, 864, 1046, 11470),
('Strada', 40, 865, 1045, 11471),
('Talento', 40, 10072, 1071, 11472),
('Tempra', 40, 866, 1044, 11473),
('Tipo', 40, 867, 1043, 11474),
('Ulysse', 40, 868, 1042, 11475),
('Uno', 40, 869, 1041, 11476),
('X 1/9', 40, 870, 1040, 11477),
('Atlantic', 41, 8966, 18544, 11478),
('Aerostar', 42, 10252, 1018, 11480),
('Aspire', 42, 597, 1017, 11481),
('B-MAX', 42, 9961, 18744, 11482),
('Bronco', 42, 598, 1016, 11483),
('C-MAX', 42, 599, 16678, 11484),
('Capri', 42, 600, 1015, 11485),
('Caravan', 42, 601, 1024, 11486),
('Cargo', 42, 602, 1026, 11487),
('Club Wagon', 42, NULL, 1027, 11488),
('Connect Tourneo', 42, 603, 1035, 11489),
('Contour', 42, 604, 1020, 11490),
('Cougar', 42, 605, 1014, 11491),
('Courier', 42, 606, 1013, 11492),
('Crown Victoria', 42, 607, 1012, 11493),
('Econoline', 42, NULL, 1011, 11494),
('Econovan', 42, NULL, 16256, 11495),
('EcoSport', 42, 10253, 24614, 11496),
('Escape', 42, 609, 1009, 11498),
('Escort', 42, 610, 1010, 11499),
('Excursion', 42, 611, 1008, 11500),
('Expedition', 42, 612, 1007, 11501),
('Explorer', 42, 613, 1006, 11502),
('Express', 42, NULL, 1028, 11503),
('F-100', 42, NULL, 30159, 11504),
('F-150', 42, NULL, 1030, 11505),
('F-250', 42, NULL, 10998, 11506),
('F-350', 42, NULL, 1031, 11507),
('F-450', 42, NULL, 1032, 11508),
('F-470', 42, NULL, 1033, 11509),
('F-700', 42, NULL, 1029, 11510),
('Fairlane', 42, 620, 16262, 11511),
('Falcon', 42, 621, 16263, 11512),
('Fiesta', 42, 622, 1005, 11513),
('Flex', 42, 624, 16721, 11515),
('Focus', 42, 625, 1004, 11516),
('Focus RS', 42, NULL, 28103, 11517),
('Focus ST', 42, NULL, 28791, 11518),
('Freestar', 42, 627, 16425, 11519),
('Freestyle', 42, 628, 1038, 11520),
('Fusion', 42, 629, 1003, 11521),
('Galaxy', 42, 630, 1002, 11522),
('Granada', 42, 631, 1023, 11523),
('Grand C-MAX', 42, 632, 17313, 11524),
('GT', 42, 633, 1037, 11525),
('Kuga', 42, 635, 1039, 11528),
('LTD', 42, NULL, 17457, 11529),
('Maverick', 42, 636, 1000, 11530),
('Mercury', 42, 637, 16258, 11531),
('Mondeo', 42, 638, 999, 11532),
('Mustang', 42, 639, 998, 11533),
('Orion', 42, 640, 997, 11534),
('Probe', 42, 641, 996, 11535),
('Puma', 42, 642, 995, 11536),
('Ranger', 42, 643, 994, 11537),
('Raptor', 42, NULL, 29795, 11538),
('Scorpio', 42, 645, 993, 11540),
('Sierra', 42, 646, 992, 11541),
('Sportka', 42, 647, 16257, 11542),
('Streetka', 42, 648, 16259, 11543),
('Superduty', 42, NULL, 17199, 11544),
('Taunus', 42, 649, 16260, 11545),
('Taurus', 42, 650, 991, 11546),
('Tempo', 42, 651, 989, 11547),
('Thunderbird', 42, 652, 990, 11548),
('Tourneo', 42, 653, 16261, 11549),
('Tourneo Connect', 42, 10261, 28653, 11550),
('Tourneo Custom', 42, 10262, 28651, 11551),
('Transit', 42, 8712, 1025, 11552),
('Transit Connect', 42, 9914, 17217, 11553),
('Transit Custom', 42, 9963, 25223, 11554),
('Windstar', 42, 10263, 988, 11555),
('22', 44, NULL, 18452, 11556),
('11-73', 44, NULL, 1441, 11557),
('12 ZiM', 44, NULL, 1442, 11558),
('12B', 44, NULL, 1447, 11559),
('13', 44, NULL, 11040, 11560),
('14', 44, NULL, 11069, 11561),
('21', 44, 10051, 10973, 11562),
('2110', 44, NULL, 1437, 11563),
('24', 44, NULL, 11729, 11564),
('2410', 44, NULL, 1430, 11565),
('2752', 44, NULL, 1431, 11566),
('3110', 44, NULL, 1432, 11567),
('32213', 44, NULL, 1433, 11568),
('3302', 44, NULL, 1434, 11569),
('3308', 44, NULL, 1435, 11570),
('53', 44, NULL, 1436, 11571),
('61', 44, NULL, 1443, 11572),
('64', 44, NULL, 1439, 11573),
('66', 44, NULL, 1444, 11574),
('67', 44, NULL, 1445, 11575),
('69A', 44, NULL, 1446, 11576),
('Chaika', 44, 10034, 1429, 11577),
('Gazele', 44, 10033, 1428, 11578),
('M-20 Pobeda', 44, NULL, 1438, 11579),
('M1', 44, 10031, 1440, 11580),
('Volga', 44, 10030, 1427, 11581),
('Metro', 157, NULL, 1489, 11582),
('Prizm', 157, NULL, 1490, 11583),
('Spectrum', 157, NULL, 1491, 11584),
('Storm', 157, NULL, 1492, 11585),
('Tracker', 157, NULL, 1493, 11586),
('Acadia', 47, 1353, 17200, 11587),
('Envoy', 47, 1354, 147, 11588),
('Jimmy', 47, 1355, 146, 11589),
('Safari', 47, 1356, 16264, 11590),
('Savanna', 47, 588, 149, 11591),
('Sierra', 47, 1358, 144, 11592),
('Sonoma', 47, 590, 145, 11593),
('Suburban', 47, NULL, 18965, 11594),
('Syclone', 47, 1359, 16265, 11595),
('Terrain', 47, 1360, 17201, 11596),
('Typhoon', 47, 1361, 16266, 11597),
('Yukon', 47, 1362, 143, 11598),
('GA200', 48, NULL, 19092, 11600),
('GX6', 48, NULL, 19093, 11601),
('Deer', 158, NULL, 1525, 11602),
('Hover', 158, NULL, 1520, 11603),
('Pegasus', 158, NULL, 1523, 11604),
('Safe', 158, NULL, 1521, 11605),
('Sailor', 158, NULL, 1526, 11606),
('Sing', 158, NULL, 1522, 11607),
('Socool', 158, NULL, 1527, 11608),
('Wingle', 158, NULL, 1524, 11609),
('Accord', 53, 1202, 983, 11610),
('Aerodeck', 53, 1203, 16277, 11611),
('Avancier', 53, 10266, 982, 11612),
('Capa', 53, 10267, 981, 11613),
('City', 53, 9915, 980, 11614),
('Civic', 53, 1204, 979, 11615),
('Clarity', 53, NULL, 29921, 11616),
('Concerto', 53, 10268, 978, 11617),
('CR-V', 53, 1206, 977, 11618),
('Crosstour', 53, 10272, 17634, 11619),
('CRX', 53, 1207, 976, 11620),
('CRZ', 53, 1208, 16276, 11621),
('Domani', 53, 10273, 975, 11622),
('Element', 53, 10275, 985, 11623),
('F- MX', 53, NULL, 974, 11624),
('FR-V', 53, 1209, 986, 11626),
('HR-V', 53, 1210, 972, 11627),
('Insight', 53, 1211, 971, 11628),
('Inspire', 53, 1212, 970, 11629),
('Integra', 53, 1213, 969, 11630),
('Jazz', 53, 1214, 968, 11631),
('Legend', 53, 1216, 966, 11633),
('Life', 53, 1217, 965, 11634),
('Logo', 53, 1218, 964, 11635),
('Mobilo', 53, 1219, 963, 11636),
('NSX', 53, 1220, 962, 11637),
('Odyssey', 53, 1221, 961, 11638),
('Passport', 53, 1222, 959, 11639),
('Pilot', 53, 1223, 958, 11640),
('Prelude', 53, 1224, 957, 11641),
('Ridgeline', 53, 1225, 987, 11642),
('S2000', 53, 1226, 956, 11643),
('Shuttle', 53, 1227, 954, 11644),
('Stream', 53, 1228, 951, 11645),
('Today', 53, 1229, 17202, 11646),
('Hollywood', 159, NULL, 27785, 11647),
('H1', 54, 361, 943, 11648),
('H2', 54, 362, 942, 11649),
('H3', 54, 363, 945, 11650),
('Accent', 55, 1464, 935, 11651),
('Atos', 55, 1465, 934, 11652),
('Azera', 55, 1466, 16271, 11653),
('Coupe', 55, NULL, 931, 11654),
('Elantra', 55, 1467, 929, 11655),
('Entourage', 55, 1468, 17204, 11656),
('Equus', 55, 1469, 16848, 11657),
('Excel', 55, 1470, 16267, 11658),
('Galloper', 55, 8925, 928, 11659),
('Genesis', 55, 1471, 16269, 11660),
('Getz', 55, 1472, 927, 11661),
('Grand Santa Fe', 55, NULL, 27763, 11662),
('Grandeur', 55, 1473, 926, 11663),
('H1', 55, NULL, 925, 11664),
('H1 Travel', 55, NULL, 17203, 11665),
('H100', 55, NULL, 11086, 11666),
('H200', 55, NULL, 940, 11667),
('H350', 55, NULL, 28083, 11668),
('i10', 55, 1474, 11774, 11669),
('i20', 55, 1475, 10874, 11670),
('i30', 55, 1476, 941, 11671),
('i40', 55, 1477, 16273, 11672),
('i50', 55, 1478, 16274, 11673),
('ix20', 55, 1479, 17193, 11675),
('ix35', 55, 1480, 16268, 11676),
('ix55', 55, 1481, 16275, 11677),
('Kona', 55, NULL, 27859, 11678),
('Lantra', 55, 1482, 923, 11679),
('Lavita', 55, 1483, 922, 11680),
('Marcia', 55, 1484, 921, 11681),
('Matrix', 55, 1485, 920, 11682),
('Palisade', 55, NULL, 29817, 11683),
('Pony', 55, 1486, 919, 11684),
('S-Coupe', 55, 1488, 939, 11685),
('Santa Fe', 55, 1487, 918, 11686),
('Santamo', 55, 1490, 917, 11687),
('Solaris', 55, 10310, 19864, 11688),
('Sonata', 55, 1489, 916, 11689),
('Sonica', 55, NULL, 25261, 11690),
('Starex', 55, 1491, 915, 11691),
('Terracan', 55, 1492, 914, 11692),
('Tiburon', 55, 1493, 16427, 11693),
('Trajet', 55, 1494, 913, 11694),
('Tucson', 55, 1495, 938, 11695),
('Veloster', 55, 10315, 17261, 11696),
('Veracruz', 55, 1496, 16270, 11697),
('XG', 55, 1498, 912, 11698),
('XG 350', 55, NULL, 16272, 11699),
('XG30', 55, 1499, 11044, 11700),
('EX', 56, 809, 16093, 11701),
('EX30', 56, 810, 17310, 11702),
('EX35', 56, 811, 16094, 11703),
('EX37', 56, 812, 16095, 11704),
('FX', 56, 813, 16096, 11705),
('FX30', 56, 814, 17311, 11706),
('FX35', 56, 815, 10913, 11707),
('FX37', 56, NULL, 24702, 11708),
('FX45', 56, NULL, 906, 11709),
('FX50', 56, NULL, 17570, 11710),
('G20', 56, 817, 905, 11711),
('G35', 56, 818, 904, 11712),
('G37', 56, 819, 911, 11713),
('I30', 56, 820, 903, 11714),
('I35', 56, 821, 902, 11715),
('J30', 56, 822, 901, 11716),
('JX35', 56, NULL, 21563, 11717),
('M30', 56, 824, 900, 11718),
('M35/45', 56, 825, 908, 11719),
('M37', 56, 8725, 18709, 11720),
('M56', 56, 826, 17341, 11721),
('Q30', 56, 827, 909, 11722),
('Q45', 56, 828, 899, 11723),
('Q50', 56, 8921, 21484, 11724),
('Q60', 56, 10317, 21485, 11725),
('Q70', 56, 10318, 21486, 11726),
('QX30', 56, 10319, 27771, 11727),
('QX4', 56, 829, 898, 11728),
('QX50', 56, 8724, 21487, 11729),
('QX56', 56, 830, 910, 11730),
('QX60', 56, 10320, 26389, 11731),
('QX70', 56, 10321, 21488, 11732),
('QX80', 56, 10322, 28977, 11733),
('Scout', 160, NULL, 13509, 11734),
('Scout II', 160, NULL, 13508, 11735),
('Amigo', 57, 1270, 894, 11736),
('Ascender', 57, 10323, 886, 11737),
('Aska', 57, 10324, 885, 11738),
('Axiom', 57, 10325, 884, 11739),
('Bighorn', 57, 1271, 883, 11740),
('Campo', 57, NULL, 882, 11741),
('D-Max', 57, 1272, 890, 11742),
('Gemini', 57, 10327, 881, 11743),
('HiLander', 57, NULL, 889, 11744),
('Impulse', 57, 10328, 895, 11745),
('Midi', 57, NULL, 880, 11746),
('MU', 57, 10329, 891, 11747),
('NPR', 57, NULL, 896, 11748),
('Panther', 57, NULL, 893, 11749),
('Piazza', 57, 10330, 879, 11750),
('Pick Up', 57, NULL, 888, 11751),
('Rodeo', 57, 1273, 878, 11752),
('Trooper', 57, 1275, 877, 11753),
('Turkuaz', 57, NULL, 897, 11754),
('Vehi Cross', 57, NULL, 876, 11755),
('Wizard', 57, NULL, 892, 11756),
('Daily', 58, 8968, 18471, 11757),
('35-12', 58, NULL, 13516, 11758),
('Massif', 58, 8691, 1532, 11759),
('J6', 161, NULL, 30009, 11760),
('Daimler', 59, 8912, 16278, 11761),
('E-Pace', 59, 10331, 28005, 11762),
('E-Type', 59, 997, 874, 11763),
('F-Pace', 59, 10332, 24653, 11764),
('F-Type', 59, 8964, 19050, 11765),
('I-Pace', 59, 10333, 29833, 11766),
('MK II', 59, NULL, 16279, 11767),
('S-Type', 59, 999, 873, 11768),
('Sovereign', 59, 1000, 872, 11769),
('Vanden Plas', 59, NULL, 16034, 11770),
('X-Type', 59, 1001, 871, 11771),
('XE', 59, 8723, 24572, 11772),
('XF', 59, 1002, 10868, 11773),
('XJ', 59, 1003, 11326, 11774),
('XJ-Series', 59, NULL, 870, 11775),
('XJ12', 59, NULL, 16189, 11776),
('XJ40', 59, NULL, 16280, 11777),
('XJ6', 59, 10088, 10991, 11778),
('XJ8', 59, NULL, 15640, 11779),
('XJR', 59, NULL, 11763, 11780),
('XK', 59, 1005, 11726, 11782),
('XK-Series', 59, NULL, 869, 11783),
('XK8', 59, NULL, 18546, 11784),
('XKR', 59, NULL, 16185, 11785),
('Cherokee', 60, 1788, 864, 11786),
('CJ', 60, 1789, 16281, 11787),
('Comanche', 60, 1790, 16282, 11788),
('Commander', 60, 1791, 866, 11789),
('Compass', 60, 1792, 868, 11790),
('Grand Cherokee', 60, 1793, 863, 11791),
('Liberty', 60, 10334, 862, 11792),
('Patriot', 60, 1795, 867, 11793),
('Renegade', 60, 9917, 16283, 11794),
('Wagoneer', 60, NULL, 16284, 11795),
('Willys', 60, NULL, 16285, 11796),
('Wrangler', 60, 1796, 861, 11797),
('Avella', 62, 2008, 853, 11798),
('Besta', 62, 2009, 16286, 11799),
('Borrego', 62, 2010, 16291, 11800),
('Cadenza', 62, 10337, 24536, 11801),
('Carens', 62, 2011, 852, 11802),
('Carnival', 62, 2012, 851, 11803),
('Cerato', 62, 10340, 856, 11805),
('Clarus', 62, 2014, 850, 11806),
('Elan', 62, 2015, 849, 11807),
('Enterprise', 62, 2016, 848, 11808),
('Forte', 62, 2017, 16691, 11809),
('Joice', 62, 10038, 847, 11810),
('K2500', 62, 2018, 16287, 11811),
('K2700', 62, 2019, 846, 11812),
('Leo', 62, 2020, 16288, 11813),
('Magentis', 62, 2021, 845, 11814),
('Mentor', 62, 2022, 16289, 11815),
('Mini', 62, 2023, 16292, 11816),
('Niro', 62, 10347, 25121, 11817),
('Opirus', 62, 2024, 855, 11818),
('Optima', 62, 2025, 858, 11819),
('Picanto', 62, 2026, 857, 11820),
('Potentia', 62, 2027, 844, 11821),
('Pregio', 62, 2028, 843, 11822),
('Pride', 62, 2029, 842, 11823),
('Pro cee\'d', 62, NULL, 10875, 11824),
('Quoris', 62, 10349, 27999, 11825),
('Retona', 62, 2031, 841, 11826),
('Rio', 62, 2032, 840, 11827),
('Roadster', 62, 2033, 839, 11828),
('Rocsta', 62, 2034, 16290, 11829),
('Rondo', 62, 2035, 16694, 11830),
('Sedona', 62, 2036, 860, 11831),
('Sephia', 62, 2037, 838, 11832),
('Shuma', 62, 2038, 837, 11833),
('Sorento', 62, 2039, 836, 11834),
('Soul', 62, 2040, 16065, 11835),
('Spectra', 62, 2041, 835, 11836),
('Sportage', 62, 2042, 834, 11837),
('Stinger', 62, 10351, 27839, 11838),
('Stonic', 62, 10352, 27837, 11839),
('Venga', 62, 2043, 16066, 11840),
('XCeed', 62, NULL, 30047, 11841),
('Agera', 63, 367, 18810, 11842),
('CC8S', 63, NULL, 18801, 11843),
('CCGT', 63, NULL, 18803, 11844),
('CCR', 63, 369, 18802, 11845),
('CCX', 63, 370, 18804, 11846),
('CCX Edition', 63, NULL, 18807, 11847),
('CCXR', 63, NULL, 18805, 11848),
('CCXR Edition', 63, NULL, 18806, 11849),
('CCXR Special Edition', 63, NULL, 18809, 11850),
('Trevita', 63, NULL, 18808, 11851),
('110', 64, NULL, 826, 11852),
('111', 64, NULL, 827, 11853),
('112', 64, NULL, 830, 11854),
('1200', 64, NULL, 16113, 11855),
('2101', 64, NULL, 17205, 11856),
('21011', 64, NULL, 24537, 11857),
('21013', 64, NULL, 13683, 11858),
('2102', 64, NULL, 24538, 11859),
('2103', 64, NULL, 13519, 11860),
('2104', 64, NULL, 823, 11861),
('2105', 64, NULL, 822, 11862),
('21051', 64, NULL, 24539, 11863),
('21053', 64, NULL, 24540, 11864),
('2106', 64, NULL, 821, 11865),
('21061', 64, NULL, 24541, 11866),
('21063', 64, NULL, 24542, 11867),
('2107', 64, NULL, 820, 11868),
('2108', 64, NULL, 819, 11869),
('2109', 64, NULL, 818, 11870),
('2110', 64, NULL, 817, 11871),
('2111', 64, NULL, 816, 11872),
('21110', 64, NULL, 815, 11873),
('21111', 64, NULL, 814, 11874),
('2112', 64, NULL, 813, 11875),
('2115', 64, NULL, 812, 11876),
('2120', 64, NULL, 811, 11877),
('2121', 64, NULL, 810, 11878),
('21213', 64, NULL, 809, 11879),
('21214', 64, NULL, 808, 11880),
('21215', 64, NULL, 807, 11881),
('2123', 64, NULL, 806, 11882),
('2129', 64, NULL, 805, 11883),
('2131', 64, NULL, 804, 11884),
('2141', 64, NULL, 831, 11885),
('2329', 64, NULL, 803, 11886),
('Aleko', 64, NULL, 16293, 11887),
('Forma', 64, NULL, 16294, 11888),
('Kalina', 64, NULL, 832, 11889),
('Niva', 64, 373, 825, 11890),
('Nova', 64, NULL, 16295, 11891),
('Oka', 64, NULL, 802, 11892),
('Priora', 64, NULL, 16296, 11893),
('Samara', 64, NULL, 828, 11894),
('Vesta', 64, NULL, 28037, 11895),
('Vis', 64, NULL, 829, 11896),
('Aventador', 65, 1446, 21490, 11897),
('Countach', 65, 1447, 16297, 11898),
('Diablo', 65, 1448, 798, 11899),
('Espada', 65, 1450, 16298, 11900),
('Gallardo', 65, 1452, 800, 11901),
('Huracan', 65, 10035, 21491, 11902),
('Jalpa', 65, 1454, 16299, 11903),
('LM', 65, NULL, 16300, 11904),
('Miura', 65, 1457, 16301, 11905),
('Murcielago', 65, NULL, 801, 11906),
('Urraco', 65, 1461, 16302, 11907),
('Beta', 66, 1365, 793, 11908),
('Dedra', 66, 1366, 792, 11909),
('Delta', 66, 1367, 791, 11910),
('Flaminia', 66, 1368, 790, 11911),
('Fulvia', 66, 1369, 16303, 11912),
('Gamma', 66, 1370, 16304, 11913),
('Kappa', 66, 1371, 789, 11914),
('Lybra', 66, 1373, 788, 11915),
('Montecarlo', 66, NULL, 796, 11916),
('Musa', 66, 1375, 797, 11917),
('Phedra', 66, 9853, 787, 11918),
('Prisma', 66, 1376, 786, 11919),
('Stratos', 66, 1377, 16305, 11920),
('Thema', 66, 1378, 785, 11921),
('Thesis', 66, 1379, 784, 11922),
('Voyager', 66, NULL, 18747, 11923),
('Y', 66, 1381, 783, 11924),
('Ypsilon', 66, 1382, 795, 11925),
('Zeta', 66, 8989, 782, 11926),
('Defender', 162, NULL, 779, 11927),
('Discovery', 162, NULL, 778, 11928),
('Discovery Sport', 162, NULL, 27903, 11929),
('Evoque', 162, NULL, 16846, 11930),
('Freelander', 162, NULL, 777, 11931),
('Range Rover', 162, NULL, 776, 11932),
('Range Rover Sport', 162, NULL, 781, 11933),
('Range Rover Velar', 162, NULL, 27843, 11934),
('CV9', 68, NULL, 18461, 11935),
('S', 68, NULL, 16102, 11936),
('SC 2', 68, NULL, 16103, 11937),
('SC 4', 68, NULL, 16104, 11938),
('CT 200h', 70, 1092, 16786, 11939),
('ES class', 70, 1093, 773, 11940),
('GS class', 70, 1097, 772, 11941),
('GX klasė', 70, NULL, 771, 11942),
('HS class', 70, 1108, 16432, 11943),
('IS class', 70, 1110, 770, 11944),
('LC klasė', 70, NULL, 27853, 11945),
('LFA', 70, NULL, 24736, 11946),
('LS class', 70, 1117, 769, 11947),
('LX class', 70, 1122, 768, 11948),
('NX klasė', 70, NULL, 19868, 11949),
('RC klasė', 70, NULL, 22748, 11950),
('RX klasė', 70, NULL, 767, 11951),
('SC klasė', 70, NULL, 766, 11952),
('SL', 70, NULL, 775, 11953),
('UX klasė', 70, NULL, 28919, 11954),
('Ambra', 71, NULL, 18724, 11955),
('Andere', 71, NULL, 18728, 11956),
('ixo', 71, NULL, 24905, 11957),
('JS 50', 71, 10025, 25235, 11958),
('Nova', 71, NULL, 18725, 11959),
('Optima', 71, NULL, 18726, 11960),
('X - Too', 71, NULL, 18727, 11961),
('Aviator', 72, 1799, 763, 11962),
('Continental', 72, 1800, 761, 11963),
('LS', 72, 1801, 760, 11964),
('Mark', 72, 1802, 759, 11965),
('MKC', 72, NULL, 30109, 11966),
('MKS', 72, 1804, 16779, 11967),
('MKT', 72, 1805, 16696, 11968),
('MKX', 72, 1806, 15986, 11969),
('MKZ', 72, 1807, 16852, 11970),
('Navigator', 72, 1808, 758, 11971),
('Town Car', 72, 1809, 757, 11972),
('Zephyr', 72, 1810, 765, 11973),
('340 R', 73, NULL, 16110, 11974),
('Cortina', 73, NULL, 16109, 11975),
('Eagle', 73, NULL, 16722, 11976),
('Elan', 73, 1778, 754, 11977),
('Elise', 73, 1779, 753, 11978),
('Elite', 73, NULL, 16306, 11979),
('Esprit', 73, 1780, 752, 11980),
('Europa', 73, 1781, 16307, 11981),
('Evora', 73, 1782, 16308, 11982),
('Excel', 73, 1783, 751, 11983),
('Exige', 73, 1784, 756, 11984),
('Super Seven', 73, NULL, 16111, 11985),
('V8', 73, NULL, 16112, 11986),
('1302', 75, NULL, 1499, 11987),
('967M', 75, NULL, 1500, 11988),
('969M', 75, NULL, 1498, 11989),
('222', 79, NULL, 16310, 11990),
('224', 79, NULL, 16311, 11991),
('228', 79, NULL, 16312, 11992),
('3200', 79, NULL, 21493, 11993),
('3200 GT', 79, 1070, 746, 11994),
('418', 79, 1071, 16313, 11995),
('420', 79, 1072, 16314, 11996),
('4200', 79, 1073, 16315, 11997),
('422', 79, 1074, 16316, 11998),
('424', 79, 1075, 16317, 11999),
('430', 79, 1076, 16318, 12000),
('Biturbo', 79, 1077, 750, 12001),
('Chamal', 79, 1078, 16324, 12002),
('Ghibli', 79, 1079, 745, 12003),
('GranCabrio', 79, 1080, 16319, 12004),
('Gransport', 79, 1081, 748, 12005),
('GranTurismo', 79, 1082, 13515, 12006),
('Indy', 79, 1083, 16320, 12007),
('Karif', 79, 1084, 16321, 12008),
('Levante', 79, NULL, 25031, 12009),
('MC12', 79, 1085, 16322, 12010),
('Merak', 79, 1086, 16323, 12011),
('Quattroporte', 79, 1087, 744, 12012),
('Spyder', 79, 1089, 749, 12013),
('57', 80, 2163, 1452, 12014),
('62', 80, NULL, 1454, 12015),
('121', 81, 1291, 734, 12016),
('2', 81, 1292, 739, 12017),
('3', 81, 1293, 738, 12018),
('323', 81, 1294, 733, 12019),
('323F', 81, 1295, 735, 12020),
('5', 81, 1296, 740, 12021),
('6', 81, 8688, 732, 12022),
('626', 81, 1297, 731, 12023),
('929', 81, 1298, 730, 12024),
('Atenza', 81, 1299, 729, 12025),
('AZ', 81, 1300, 728, 12026),
('B Series', 81, NULL, 726, 12027),
('Bongo', 81, 1302, 727, 12028),
('BT-50', 81, 1303, 13715, 12029),
('Carol', 81, 1304, 724, 12030),
('Clef', 81, NULL, 723, 12031),
('Cronos', 81, 1305, 722, 12032),
('CX-3', 81, 9918, 24605, 12033),
('CX-30', 81, NULL, 30125, 12034),
('CX-5', 81, 8974, 17610, 12035),
('CX-7', 81, 1306, 742, 12036),
('CX-9', 81, 1307, 743, 12037),
('Demio', 81, 1308, 721, 12038),
('Eunos', 81, 1309, 720, 12039),
('Lantis', 81, 1310, 719, 12040),
('Laputa', 81, 1311, 718, 12041),
('Levante', 81, 1312, 717, 12042),
('Miata', 81, 1313, 11814, 12043),
('Millenia', 81, 1314, 716, 12044),
('MPV', 81, 1315, 715, 12045),
('MX-3', 81, 1316, 714, 12046),
('MX-5', 81, 1317, 713, 12047),
('MX-6', 81, 1318, 712, 12048),
('Navajo', 81, 1319, 17206, 12049),
('PickUp', 81, 1320, 17207, 12050),
('Premacy', 81, 1321, 710, 12051),
('Protege', 81, 1322, 737, 12052),
('Rustler', 81, 1323, 709, 12053),
('RX-6', 81, 1324, 16325, 12054),
('RX-7', 81, 1325, 708, 12055),
('RX-8', 81, 1326, 707, 12056),
('Tribute', 81, 1327, 703, 12057),
('Vantred', 81, 1328, 702, 12058),
('Xedos 6', 81, 10378, 701, 12059),
('Xedos 9', 81, 10379, 700, 12060),
('540C', 82, NULL, 24630, 12061),
('570S', 82, NULL, 24631, 12062),
('650S', 82, NULL, 24632, 12063),
('650S Coupe', 82, NULL, 24633, 12064),
('650S Spider', 82, NULL, 24634, 12065),
('675LT', 82, NULL, 24635, 12066),
('675LT Spider', 82, NULL, 24636, 12067),
('Andere', 82, NULL, 24639, 12068),
('MP4-12C', 82, NULL, 24637, 12069),
('P1', 82, NULL, 24638, 12070),
('100', 83, NULL, 11078, 12071),
('108', 83, NULL, 16084, 12072),
('110', 83, NULL, 11030, 12073),
('123', 83, 10026, 15652, 12074),
('124', 83, 10027, 699, 12075),
('190', 83, 10091, 690, 12076),
('200', 83, 1517, 10565, 12077),
('207', 83, NULL, 16002, 12078),
('208', 83, NULL, 16131, 12079),
('211', 83, NULL, 16021, 12080),
('212', 83, NULL, 16085, 12081),
('220', 83, NULL, 16143, 12082),
('230', 83, 1519, 10932, 12083),
('240', 83, NULL, 11746, 12084),
('250', 83, 10048, 11000, 12085),
('260', 83, NULL, 11303, 12086),
('270', 83, NULL, 16326, 12087),
('280', 83, NULL, 13822, 12088),
('290', 83, 1521, 16327, 12089),
('300', 83, NULL, 10914, 12090),
('300 GD', 83, NULL, 16000, 12091),
('307', 83, NULL, 18470, 12092),
('308', 83, 8926, 18454, 12093),
('320', 83, 1524, 16142, 12094),
('350', 83, NULL, 10962, 12095),
('380', 83, NULL, 11372, 12096),
('400', 83, NULL, 16331, 12097),
('416', 83, NULL, 16328, 12098),
('420', 83, NULL, 16329, 12099),
('450', 83, NULL, 11075, 12100),
('500', 83, NULL, 15107, 12101),
('560', 83, 10022, 16330, 12102),
('600', 83, 1529, 16332, 12103),
('608', 83, 8928, 10989, 12104),
('AMG GT klasė', 83, NULL, 25123, 12106),
('Atego', 83, NULL, 696, 12107),
('C klasė SC', 83, NULL, 687, 12110),
('Citan', 83, 9919, 18625, 12112),
('CLA klasė', 83, NULL, 18761, 12114),
('GLB klasė', 83, NULL, 30185, 12122),
('GLC Coupe klasė ', 83, NULL, 25129, 12123),
('GLC klasė', 83, NULL, 24684, 12124),
('GLE Coupe klasė', 83, NULL, 24694, 12125),
('GLE klasė', 83, NULL, 24587, 12126),
('GLK class', 83, NULL, 10857, 12127),
('GLS klasė ', 83, NULL, 24772, 12128),
('M klasė', 83, NULL, 680, 12129),
('class', 83, NULL, 11214, 12130),
('R klasė', 83, NULL, 688, 12131),
('S klasė', 83, NULL, 679, 12132),
('SL klasė', 83, NULL, 678, 12133),
('SLC klasė', 83, NULL, 28631, 12134),
('SLK klasė', 83, NULL, 689, 12135),
('SLR McLaren', 83, 1721, 695, 12136),
('SLS AMG', 83, 10386, 16714, 12137),
('Sprinter', 83, 8917, 697, 12138),
('T 1', 83, NULL, 677, 12139),
('V klasė', 83, NULL, 676, 12140),
('Vaneo', 83, 1728, 675, 12141),
('Vario', 83, 8916, 16333, 12142),
('Viano', 83, 1729, 693, 12143),
('Vito', 83, 1730, 674, 12144),
('X klasė', 83, NULL, 27985, 12145),
('Capri', 84, 1279, 16309, 12146),
('Cougar', 84, 1280, 672, 12147),
('Grand Marquis', 84, 1281, 671, 12148),
('Marauder', 84, 1282, 670, 12149),
('Mariner', 84, NULL, 27913, 12150),
('Milan', 84, 1283, 16699, 12151),
('Mountaineer', 84, 1284, 669, 12152),
('Mystique', 84, NULL, 668, 12153),
('Sable', 84, 1285, 667, 12154),
('Tiffany', 84, NULL, 18536, 12155),
('Topaz', 84, 1286, 666, 12156),
('Tracer', 84, 1287, 665, 12157),
('Villager', 84, 1288, 664, 12158),
('Express', 85, NULL, 661, 12159),
('Maestro', 85, NULL, 660, 12160),
('Metro', 85, NULL, 659, 12161),
('MGA', 85, 1235, 16336, 12162),
('MGB', 85, 1236, 16337, 12163),
('MGF', 85, 1238, 658, 12164),
('MGR V8', 85, NULL, 657, 12165),
('Midget', 85, 1232, 16335, 12166),
('Montego', 85, NULL, 656, 12167),
('TF', 85, 1242, 663, 12168),
('X', 85, NULL, 655, 12169),
('ZR', 85, 1243, 654, 12170),
('ZS', 85, 1244, 653, 12171),
('ZT', 85, 1245, 652, 12172),
('Mc 1 ', 86, NULL, 16129, 12173),
('Mgo', 86, NULL, 24768, 12174),
('1000', 87, NULL, 16338, 12176),
('1300', 87, NULL, 16340, 12177),
('Clubman', 87, 392, 16341, 12178),
('Cooper', 87, 393, 650, 12179),
('Cooper S', 87, 394, 10909, 12180),
('Cooper SD', 87, NULL, 28881, 12181),
('Countryman', 87, 9032, 16654, 12182),
('Paceman', 87, 10389, 24738, 12184),
('3000 GT', 88, 10391, 643, 12185),
('ASX', 88, 1972, 16345, 12186),
('Canter', 88, 1973, 16342, 12187),
('Carisma', 88, 1974, 641, 12188),
('Colt', 88, 1975, 638, 12189),
('Cordia', 88, 1976, 16343, 12190),
('Delica', 88, NULL, 18458, 12191),
('Diamante', 88, 1977, 636, 12192),
('Eclipse', 88, 1978, 634, 12193),
('Eclipse Cross', 88, 10397, 27885, 12194),
('Endeavor', 88, 1979, 644, 12195),
('FTO', 88, 10399, 18746, 12196),
('Galant', 88, 1980, 629, 12197),
('Galloper', 88, 1981, 16344, 12198),
('Grandis', 88, 1982, 628, 12199),
('GTO', 88, 1983, 17209, 12200),
('L200', 88, 1984, 624, 12201),
('L300', 88, 1985, 623, 12202),
('L400', 88, 1986, 622, 12203),
('Lancer', 88, 1987, 621, 12204),
('Lancer Evolution', 88, 1988, 16487, 12205),
('MiEV', 88, NULL, 17548, 12206),
('Mirage', 88, 1989, 17208, 12207),
('Montero', 88, 1990, 646, 12208),
('Outlander', 88, 1991, 617, 12209),
('Pajero', 88, 1992, 616, 12210),
('Pajero Pinin', 88, 1993, 10866, 12211),
('Pajero Sport', 88, 1994, 16500, 12212),
('Pick-up', 88, 1995, 16346, 12213),
('Pinin', 88, 1996, 647, 12214),
('Santamo', 88, 1997, 613, 12215),
('Sapporo', 88, 1998, 612, 12216),
('Shogun', 88, 1999, 16162, 12217),
('Sigma', 88, 2000, 611, 12218),
('Space Gear', 88, 2001, 610, 12219),
('Space Runner', 88, 2002, 609, 12220),
('Space Star', 88, 2003, 608, 12221),
('Space Wagon', 88, 2004, 607, 12222),
('Starion', 88, 2005, 606, 12223),
('4/4', 89, 402, 17398, 12225),
('Aero 8', 89, NULL, 17393, 12226),
('Plus 4', 89, 404, 17394, 12227),
('Plus 8', 89, NULL, 17395, 12228),
('Roadster', 89, NULL, 17396, 12229),
('2140', 90, 9021, 1487, 12230),
('2141', 90, 9022, 16242, 12231),
('401', 90, 9023, 16116, 12232),
('403', 90, 9024, 16042, 12233),
('407', 90, 9019, 18561, 12234),
('408', 90, 9025, 11102, 12235),
('412', 90, 9026, 11002, 12236),
('423', 90, 9020, 18465, 12237),
('434', 90, NULL, 29927, 12238),
('M-400', 90, 9027, 1483, 12239),
('M-402', 90, 9028, 1484, 12240),
('M-408', 90, 9029, 1485, 12241),
('M-410', 90, NULL, 29929, 12242),
('M-412', 90, 9030, 1486, 12243),
('100 NX', 91, NULL, 597, 12244),
('200 SX', 91, NULL, 596, 12245),
('240 SX', 91, NULL, 16355, 12246),
('280 ZX', 91, NULL, 16347, 12247),
('300 ZX', 91, NULL, 595, 12248),
('350Z', 91, 1388, 594, 12249),
('370Z', 91, 1389, 16353, 12250),
('Almera', 91, 1390, 593, 12251),
('Almera Tino', 91, 1391, 552, 12252),
('Altima', 91, 1392, 592, 12253),
('Armada', 91, 1393, 16348, 12254),
('Bluebird', 91, 1394, 589, 12255),
('Cabstar', 91, NULL, 16349, 12256),
('Cargo', 91, 1396, 16350, 12257),
('Cherry', 91, 1397, 16351, 12258),
('Cima', 91, 1398, 586, 12259),
('Cube', 91, 1399, 584, 12260),
('e-NV200', 91, NULL, 29933, 12261),
('Evalia', 91, NULL, 21494, 12262),
('Frontier', 91, 1400, 599, 12263),
('GT-R', 91, 1403, 16001, 12264),
('Interstar', 91, 8914, 18701, 12265),
('Juke', 91, 8692, 16655, 12266),
('King Cab', 91, NULL, 16677, 12267),
('Kubistar', 91, NULL, 16356, 12268),
('Laurel', 91, 1404, 580, 12269),
('Leaf', 91, 9731, 17252, 12270),
('Liberty', 91, NULL, 579, 12271),
('Maxima', 91, 1405, 577, 12272),
('Micra', 91, 1406, 576, 12273),
('Murano', 91, 1407, 574, 12274),
('Navara', 91, 1408, 600, 12275),
('Note', 91, 1409, 601, 12276),
('NP300', 91, 1410, 17307, 12277),
('NV200', 91, 1411, 16736, 12278),
('NV250', 91, NULL, 30113, 12279),
('NV300', 91, 10073, 26087, 12280),
('NV400', 91, NULL, 22768, 12281),
('Pathfinder', 91, 1412, 573, 12282),
('Patrol', 91, 1413, 572, 12283),
('Pick-Up', 91, 1414, 571, 12284),
('Pixo', 91, 1415, 16352, 12285),
('Prairie', 91, 10452, 570, 12286),
('President', 91, 1417, 567, 12287),
('Primastar', 91, 1418, 566, 12288),
('Primera', 91, 1419, 565, 12289),
('Pulsar', 91, 9981, 19847, 12290),
('Qashqai', 91, 1420, 603, 12291),
('Qashqai+2', 91, 1421, 13752, 12292),
('Quest', 91, 1422, 563, 12293),
('Rogue', 91, 1423, 16136, 12294),
('Sentra', 91, 1425, 559, 12295),
('Serena', 91, 1426, 558, 12296),
('Silvia', 91, 1427, 557, 12297),
('Skyline', 91, 1428, 556, 12298),
('Sunny', 91, 1430, 554, 12299),
('Terrano', 91, 1431, 553, 12300),
('Tiida', 91, 1432, 602, 12301),
('Titan', 91, 1435, 16019, 12302),
('Trade', 91, 1434, 16354, 12303),
('Urvan', 91, 1436, 551, 12304),
('Vanette', 91, 1437, 550, 12305),
('Versa', 91, 1438, 11314, 12306),
('Wingroad', 91, 1439, 17210, 12307),
('X-Terra', 91, 1441, 548, 12308),
('X-Trail', 91, 1440, 547, 12309),
('600R', 163, NULL, 16545, 12310),
('522', 93, NULL, 24733, 12311),
('Achieva', 94, 1925, 16243, 12312),
('Alero', 94, 1926, 544, 12313),
('Aurora', 94, 1927, 543, 12314),
('Bravada', 94, 1928, 542, 12315),
('Custom Cruiser', 94, 1930, 13708, 12316),
('Cutlass', 94, 1931, 541, 12317),
('Delta 88', 94, 1932, 540, 12318),
('Eighty-Eight', 94, 1933, 539, 12319),
('Intrigue', 94, 1934, 538, 12320),
('Silhouete', 94, NULL, 19538, 12321),
('Silhouette', 94, 1935, 537, 12322),
('Super 88', 94, 1936, 11039, 12323),
('Toronado', 94, 1937, 11376, 12324),
('Adam', 96, 10467, 18750, 12325),
('Agila', 96, 8594, 530, 12326),
('Ampera', 96, 10468, 17400, 12327),
('Antara', 96, 8595, 533, 12328),
('Arena', 96, NULL, 529, 12329),
('Ascona', 96, 10469, 528, 12330),
('Astra', 96, 2083, 527, 12331),
('Calibra', 96, 8598, 526, 12332),
('Campo', 96, 10470, 525, 12333),
('Cascada', 96, 10471, 18730, 12334),
('Combo', 96, 9927, 524, 12335),
('Commodore GS', 96, NULL, 27833, 12336),
('Corsa', 96, 2084, 523, 12337),
('Crossland X', 96, 10472, 27799, 12338),
('Diplomat', 96, NULL, 16358, 12339),
('Frontera', 96, 8604, 522, 12340),
('Grandland X', 96, 10473, 27797, 12341),
('GT', 96, NULL, 534, 12342),
('Insignia', 96, 2085, 10870, 12343),
('Kadett', 96, NULL, 521, 12344),
('Karl', 96, 10474, 24579, 12345),
('Manta', 96, 10475, 520, 12346),
('Meriva', 96, 8606, 519, 12347),
('Mokka', 96, 9732, 17625, 12348),
('Mokka X', 96, NULL, 26705, 12349),
('Monterey', 96, 8608, 518, 12350),
('Monza', 96, NULL, 536, 12351),
('Movano', 96, 8719, 517, 12352),
('Nova', 96, 8609, 16357, 12353),
('Omega', 96, 8588, 516, 12354),
('Rekord', 96, NULL, 515, 12355),
('Senator', 96, 8611, 514, 12356),
('Signum', 96, 8612, 532, 12357),
('Sintra', 96, 8613, 513, 12358),
('Speedster', 96, NULL, 512, 12359),
('Tigra', 96, 8614, 511, 12360),
('Vectra', 96, 2086, 510, 12361),
('Vivaro', 96, 8617, 535, 12362),
('Zafira', 96, 2087, 509, 12363),
('110', 164, NULL, 18610, 12365),
('120', 164, NULL, 18611, 12366),
('180', 164, NULL, 18612, 12367),
('200', 164, NULL, 18613, 12368),
('300', 164, NULL, 18614, 12369),
('Caribbean', 164, NULL, 18615, 12370),
('Cavalier', 164, NULL, 18616, 12371),
('Clipper', 164, NULL, 18617, 12372),
('Executive', 164, NULL, 18618, 12373),
('Hawk', 164, NULL, 18619, 12374),
('Patrician', 164, NULL, 18620, 12375),
('Station Sedan', 164, NULL, 18621, 12376),
('Super Eight', 164, NULL, 18622, 12377),
('1007', 97, 1156, 504, 12378),
('104', 97, 1157, 16359, 12379),
('106', 97, 1158, 499, 12380),
('107', 97, 1159, 505, 12381),
('108', 97, 10476, 24217, 12382),
('2008', 97, 8962, 18702, 12383),
('204', 97, 1160, 16362, 12384),
('205', 97, 1161, 498, 12385),
('206', 97, 1162, 497, 12386),
('206+', 97, NULL, 18735, 12387),
('207', 97, 1163, 506, 12388),
('208', 97, 8961, 17530, 12389),
('3008', 97, 1164, 16187, 12390),
('301', 97, 9928, 18751, 12391),
('304', 97, NULL, 16363, 12392),
('305', 97, 1165, 496, 12393),
('306', 97, 1166, 495, 12394),
('307', 97, 1167, 494, 12395),
('308', 97, 1168, 508, 12396),
('309', 97, 1169, 493, 12397),
('4007', 97, 1170, 507, 12398),
('4008', 97, 8963, 18732, 12399),
('404', 97, 1171, 16364, 12400),
('405', 97, 1172, 492, 12401),
('406', 97, 1173, 491, 12402),
('407', 97, 1174, 501, 12403),
('5008', 97, 1175, 16027, 12404),
('504', 97, 1176, 16365, 12405),
('505', 97, 1177, 490, 12406),
('508', 97, 1178, 16860, 12407),
('508 RXH', 97, NULL, 24599, 12408),
('604', 97, 1179, 16366, 12409),
('605', 97, 1180, 489, 12410),
('607', 97, 1181, 488, 12411),
('806', 97, 1182, 487, 12412),
('807', 97, 1183, 486, 12413),
('Bipper', 97, 9944, 16679, 12414),
('Boxer', 97, 8913, 502, 12415),
('Expert', 97, NULL, 485, 12416),
('iOn', 97, NULL, 18827, 12417),
('J5', 97, NULL, 484, 12418),
('Partner', 97, NULL, 483, 12419),
('RCZ', 97, 1189, 16738, 12420),
('Rifter', 97, 10477, 28725, 12421),
('Traveller', 97, 10478, 25161, 12422),
('Vivacity', 97, NULL, 503, 12423),
('Breeze', 100, 1137, 479, 12424),
('Grand Voyager', 100, 1138, 482, 12425),
('Neon', 100, 1139, 17212, 12426),
('Prowler', 100, 1140, 476, 12427),
('Voyager', 100, 1141, 474, 12428),
(' G5', 102, NULL, 27777, 12429),
('6000', 102, NULL, 21495, 12430),
('Aztek', 102, 1008, 466, 12431),
('Bonneville', 102, 1009, 465, 12432),
('Catalina', 102, NULL, 18608, 12433),
('Fiero', 102, 1010, 468, 12434),
('Firebird', 102, 1011, 464, 12435),
('G6', 102, 1013, 469, 12436),
('G8', 102, NULL, 19706, 12437),
('Grand-Am', 102, NULL, 463, 12438),
('Grand-Prix', 102, NULL, 462, 12439),
('GTO', 102, 1016, 473, 12440),
('Montana', 102, 1017, 461, 12441),
('Solstice', 102, 1019, 471, 12442),
('Sunbird', 102, 1020, 16367, 12443),
('Sunfire', 102, 1021, 460, 12444),
('Targa', 102, 1022, 16368, 12445),
('Trans Am', 102, 1023, 459, 12446),
('Trans Sport', 102, 1024, 458, 12447),
('Vibe', 102, 1025, 457, 12448),
('356', 103, 1813, 16114, 12449),
('911', 103, 1814, 452, 12450),
('912', 103, 1819, 16369, 12451),
('914', 103, 1820, 16370, 12452),
('924', 103, NULL, 454, 12453),
('928', 103, 1821, 451, 12454),
('944', 103, 1823, 450, 12455),
('959', 103, NULL, 449, 12456),
('968', 103, 1824, 448, 12457),
('Boxster', 103, 1825, 447, 12458),
('Carrera GT', 103, 1826, 455, 12459),
('Cayenne', 103, 1827, 445, 12460),
('Cayenne Coupe', 103, NULL, 30127, 12461),
('Cayman', 103, 1828, 456, 12462),
('Macan', 103, 8722, 19867, 12463),
('Panamera', 103, 1829, 15998, 12464),
('Taycan', 103, NULL, 30135, 12465),
('313', 104, NULL, 15101, 12466),
('315', 104, NULL, 16161, 12467),
('416', 104, NULL, 16203, 12468),
('Gen-2', 104, 433, 444, 12469),
('Persona', 104, 436, 436, 12470),
('Satria', 104, 437, 16204, 12471),
('11', 105, 10480, 425, 12472),
('19', 105, 1753, 424, 12473),
('21', 105, NULL, 423, 12474),
('25', 105, 10488, 422, 12475),
('4', 105, NULL, 421, 12476),
('5', 105, 1754, 18451, 12477),
('9', 105, 10491, 420, 12478),
('Alaskan', 105, 10492, 27993, 12479),
('Avantime', 105, 1756, 419, 12480),
('Captur', 105, 9852, 18734, 12481),
('Clio', 105, 1757, 418, 12482),
('Espace', 105, 1758, 417, 12483),
('Express', 105, NULL, 416, 12484),
('Fluence', 105, 9929, 16067, 12485),
('Fuego', 105, 10496, 16372, 12486),
('Grand Espace', 105, 1759, 415, 12487),
('Grand Modus', 105, 1760, 17227, 12488),
('Grand Scenic', 105, 1761, 432, 12489),
('Kadjar', 105, 9982, 22733, 12490),
('Kangoo', 105, 1762, 414, 12491),
('Koleos', 105, 1763, 10876, 12492),
('Laguna', 105, 1764, 413, 12493),
('Latitude', 105, 9983, 18605, 12494),
('Logan', 105, NULL, 431, 12495),
('Magnum', 105, NULL, 429, 12496),
('Mascott', 105, NULL, 18462, 12497),
('Master', 105, 8720, 412, 12498),
('Megane', 105, 1765, 411, 12499),
('Modus', 105, 1767, 426, 12500),
('Nevada', 105, NULL, 430, 12501),
('Rapid', 105, NULL, 410, 12502),
('Safrane', 105, 1768, 409, 12503),
('Scenic', 105, 1769, 408, 12504),
('Spacetourer', 105, NULL, 25151, 12505),
('Sport Spider', 105, 10502, 407, 12506),
('Super 5', 105, NULL, 406, 12507),
('Symbol', 105, 10503, 405, 12508),
('Talisman', 105, 9930, 24657, 12509),
('Thalia', 105, 8998, 428, 12510),
('Trafic', 105, 8970, 404, 12511),
('Twingo', 105, 1770, 403, 12512),
('Twizy', 105, 1771, 21496, 12513),
('Vel Satis', 105, 1772, 402, 12514),
('Wind', 105, 1773, 18731, 12515),
('Zoe', 105, 10505, 19784, 12516),
('Corniche', 106, 1145, 398, 12517),
('Flying Spur', 106, NULL, 401, 12518),
('Ghost', 106, 1146, 16383, 12519),
('Park Ward', 106, 10508, 397, 12520),
('Phantom', 106, 1147, 396, 12521),
('Silver', 106, NULL, 395, 12522),
('25', 107, 471, 390, 12523),
('45', 107, 474, 388, 12524),
('75', 107, 476, 386, 12525),
('100', 107, 468, 21497, 12526),
('200 serija', 107, NULL, 7473, 12527),
('400 serija', 107, NULL, 7471, 12528),
('600 serija', 107, NULL, 7469, 12529),
('800 serija', 107, NULL, 7467, 12530),
('Discovery', 107, NULL, 16140, 12531),
('Maestro', 107, NULL, 384, 12532),
('Metro', 107, 481, 16373, 12533),
('MGF', 107, NULL, 383, 12534),
('Mini', 107, 482, 382, 12535),
('Montego', 107, NULL, 381, 12536),
('Streetwise', 107, 485, 394, 12537),
('9-2X', 108, 2090, 377, 12538),
('9-3', 108, 2091, 370, 12539),
('9-4X', 108, 2092, 16380, 12540),
('9-5', 108, 2093, 16130, 12541),
('9-7X', 108, 2094, 375, 12542),
('90', 108, 2095, 369, 12543),
('900', 108, 2096, 368, 12544),
('9000', 108, 2097, 367, 12545),
('92', 108, 2098, 376, 12546),
('96', 108, 2099, 373, 12547),
('97', 108, 2100, 17214, 12548),
('99', 108, 2101, 374, 12549),
('300', 110, NULL, 1422, 12550),
('350', 110, NULL, 1421, 12551),
('PS-10', 110, NULL, 1419, 12552),
('Aura', 111, 1504, 364, 12553),
('ION', 111, 1505, 361, 12554),
('LS', 111, NULL, 360, 12555),
('LW', 111, NULL, 359, 12556),
('Outlook', 111, 1507, 27415, 12557),
('Relay', 111, NULL, 366, 12558),
('SC', 111, NULL, 358, 12559),
('Sky', 111, 1509, 363, 12560),
('SL', 111, NULL, 357, 12561),
('SW', 111, NULL, 356, 12562),
('VUE', 111, 1510, 355, 12563),
('FR-S', 112, 10044, 18705, 12564),
('iM', 112, NULL, 25147, 12565),
('Alhambra', 113, 723, 352, 12571),
('Altea', 113, 724, 354, 12572),
('Altea XL', 113, NULL, 22697, 12573),
('Arona', 113, NULL, 27829, 12574),
('Arosa', 113, 725, 351, 12575),
('Ateca', 113, 10510, 25095, 12576),
('Cordoba', 113, 726, 350, 12577),
('Exeo', 113, 727, 16381, 12578),
('Ibiza', 113, 729, 349, 12579),
('Inca', 113, 730, 348, 12580),
('Leon', 113, 731, 347, 12581),
('Malaga', 113, 732, 346, 12582),
('Marbella', 113, 733, 345, 12583),
('Mii', 113, NULL, 18606, 12584),
('Tarraco', 113, NULL, 28895, 12585),
('Terra', 113, NULL, 344, 12586),
('Toledo', 113, 734, 343, 12587),
('Extrem 500', 166, NULL, 16549, 12588),
('F16', 166, NULL, 16548, 12589),
('Fun Family', 166, NULL, 16550, 12590),
('CEO', 114, NULL, 25028, 12591),
('Sceo', 114, NULL, 10862, 12592),
('105', 115, NULL, 16384, 12593),
('120', 115, NULL, 16385, 12594),
('130', 115, NULL, 16386, 12595),
('135', 115, NULL, 16387, 12596),
('Citigo', 115, 1192, 17629, 12597),
('Fabia', 115, 1193, 339, 12598),
('Favorit', 115, 1194, 338, 12599),
('Felicia', 115, 1195, 337, 12600),
('Forman', 115, NULL, 10935, 12601),
('Kamiq', 115, NULL, 29943, 12602),
('Karoq', 115, 10512, 27845, 12603),
('Kodiaq', 115, 10513, 26089, 12604),
('Octavia', 115, 1196, 336, 12605),
('Pick Up', 115, NULL, 341, 12606),
('Praktik', 115, 9945, 16382, 12607),
('Roomster', 115, 1197, 342, 12609),
('Scala', 115, NULL, 29813, 12610),
('Superb', 115, 1198, 335, 12611),
('Yeti', 115, 1199, 16003, 12612),
('City', 116, NULL, 330, 12613),
('Coupe', 116, NULL, 329, 12614),
('Crossblade', 116, NULL, 16568, 12615),
('Forfour', 116, 2156, 332, 12616),
('Fortwo', 116, 2158, 334, 12617),
('Fortwo Coupe', 116, NULL, 11054, 12618),
('MCC', 116, NULL, 333, 12619),
('Roadster', 116, 2159, 327, 12620),
('Roadster', 167, NULL, 19701, 12621),
('Sherwood', 167, NULL, 19702, 12622),
('Starcraft', 167, NULL, 19703, 12623),
('Treka', 167, NULL, 19704, 12624),
('C8 Laviolette', 168, NULL, 17594, 12625),
('Actyon', 117, 2113, 138, 12626),
('Actyon Sports', 117, NULL, 142, 12627),
('Chairman', 117, 2114, 135, 12628),
('Family', 117, NULL, 134, 12629),
('Istana', 117, 2115, 133, 12630),
('Kallista', 117, NULL, 132, 12631),
('Korando', 117, 2116, 131, 12632),
('Kyron', 117, 2117, 137, 12633),
('Rodius', 117, 2121, 139, 12636),
('Tivoli', 117, 10517, 24615, 12637),
('Avanti', 169, NULL, 19713, 12638),
('Big Six', 169, NULL, 19714, 12639),
('Champion', 169, NULL, 19715, 12640),
('Commander', 169, NULL, 19716, 12641),
('Conestoga', 169, NULL, 19717, 12642),
('Cruiser', 169, NULL, 19718, 12643),
('Daytona', 169, NULL, 19719, 12644),
('Desoto', 169, NULL, 19740, 12645),
('Dictator', 169, NULL, 19720, 12646),
('Electric car', 169, NULL, 19721, 12647),
('Flight Hawk', 169, NULL, 19722, 12648),
('Golden Hawk', 169, NULL, 19724, 12649),
('Gran Turismo Hawk', 169, NULL, 19723, 12650),
('Land Cruiser', 169, NULL, 19729, 12651),
('Lark', 169, NULL, 19730, 12652),
('Light Four', 169, NULL, 19731, 12653),
('Light Six', 169, NULL, 19732, 12654),
('Power Hawk', 169, NULL, 19726, 12655),
('President', 169, NULL, 19733, 12656),
('Scotsman', 169, NULL, 19734, 12657),
('Silver Hawk', 169, NULL, 19727, 12658),
('Sky Hawk', 169, NULL, 19728, 12659),
('Special Six', 169, NULL, 19735, 12660),
('Speedster', 169, NULL, 19736, 12661),
('Standard Six', 169, NULL, 19737, 12662),
('Starlight', 169, NULL, 19738, 12663),
('Wagonaire', 169, NULL, 19739, 12664),
('Baja', 118, 1953, 321, 12665),
('BRZ', 118, 10042, 18460, 12666),
('Forester', 118, 1954, 315, 12667),
('Impreza', 118, 1955, 314, 12668),
('Impreza  WRX', 118, NULL, 16490, 12669),
('Justy', 118, 1958, 313, 12670),
('Legacy', 118, 1959, 312, 12671),
('Leone', 118, 1960, 311, 12672),
('Levorg', 118, NULL, 24690, 12673),
('Libero', 118, 1961, 322, 12674),
('M 80', 118, 1962, 15100, 12675),
('R1', 118, 1964, 16734, 12677),
('SVX', 118, 1965, 309, 12678),
('Trezia', 118, NULL, 18812, 12679),
('Tribeca', 118, NULL, 323, 12680),
('Vivio', 118, 1966, 307, 12681),
('XT Coupe', 118, 1967, 318, 12682),
('XV', 118, 1968, 17308, 12683),
('Aerio', 119, 2124, 298, 12684),
('Alto', 119, 2125, 297, 12685),
('Baleno', 119, 2126, 296, 12686),
('Cappuccino', 119, 2127, 295, 12687),
('Carry', 119, 2128, 294, 12688),
('Cultis Wagon', 119, 2129, 293, 12690),
('Equator', 119, NULL, 18757, 12691),
('Esteem', 119, 2130, 300, 12692),
('Every Landy', 119, 2131, 292, 12693),
('Forenza', 119, 2132, 304, 12694),
('Grand Vitara', 119, 2133, 291, 12695),
('Ignis', 119, 2134, 290, 12696),
('Jimny', 119, 2135, 289, 12697),
('Kei', 119, 2136, 288, 12698),
('Kizashi', 119, 2137, 17215, 12699),
('Liana', 119, 2138, 287, 12700),
('LJ', 119, 2139, 16388, 12701),
('Reno', 119, 2140, 305, 12702),
('Samurai', 119, 2141, 286, 12703),
('SJ', 119, 2142, 285, 12704),
('Splash', 119, 2143, 10869, 12705),
('Super-Carry', 119, NULL, 21498, 12706),
('Swift', 119, 2144, 284, 12707),
('SX4', 119, 2145, 303, 12708),
('SX4 S-Cross', 119, NULL, 25041, 12709),
('Twin', 119, 2146, 301, 12710),
('Verona', 119, 2147, 11771, 12711),
('Vitara', 119, 2148, 283, 12712),
('Wagon R+', 119, 2149, 282, 12713),
('X-90', 119, 2150, 281, 12714),
('XL7', 119, 8694, 302, 12715),
('Andere', 121, NULL, 21505, 12716),
('Horizon', 121, NULL, 21503, 12717),
('Samba', 121, NULL, 21504, 12718),
('Prancer', 170, NULL, 24571, 12720),
('Indica', 123, NULL, 16389, 12721),
('Indigo', 123, NULL, 16390, 12722),
('Nano', 123, NULL, 16395, 12723),
('Safari', 123, 511, 10867, 12724),
('Sumo', 123, NULL, 16392, 12725),
('Telcoline', 123, NULL, 16393, 12726),
('Telcosport', 123, NULL, 16394, 12727),
('Xenon', 123, NULL, 16391, 12728),
('603', 124, NULL, 1505, 12729),
('613', 124, NULL, 1506, 12730),
('700', 124, NULL, 1507, 12731),
('77', 124, NULL, 1502, 12732),
('80', 124, NULL, 1503, 12733),
('87', 124, NULL, 1504, 12734),
('Zero', 126, 8696, 17579, 12735),
('Andere', 127, NULL, 19525, 12736),
('Model 3', 127, 10656, 28079, 12737),
('Model S', 127, 8992, 19869, 12738),
('Model X', 127, 10658, 19870, 12739),
('Roadster', 127, 514, 19871, 12740),
('City', 171, NULL, 24721, 12741),
('4Runner', 128, 906, 268, 12742),
('Allion', 128, 10529, 267, 12743),
('Alphard', 128, 907, 24654, 12744),
('Auris', 128, 909, 279, 12745),
('Avalon', 128, 910, 264, 12746),
('Avensis', 128, 911, 263, 12747),
('Avensis Verso', 128, 912, 278, 12748),
('Aygo', 128, 913, 277, 12749),
('C-HR', 128, 10538, 25143, 12750),
('Camry', 128, 915, 258, 12751),
('Carina', 128, 916, 257, 12752),
('Celica', 128, 917, 256, 12753),
('Chaser', 128, 10543, 19247, 12754),
('Corolla', 128, 918, 253, 12755),
('Corolla Verso', 128, 919, 269, 12756),
('Cressida', 128, 920, 16396, 12757),
('Cresta', 128, 10549, 252, 12758),
('Crown', 128, 10085, 251, 12759),
('Dyna', 128, NULL, 21499, 12760),
('Echo', 128, 10553, 271, 12761),
('Estima', 128, 922, 247, 12762),
('FJ Cruiser', 128, 923, 13821, 12763),
('GT 86', 128, 10558, 17572, 12764),
('Hiace', 128, 925, 244, 12765),
('Highlander', 128, 926, 243, 12766),
('Hilux', 128, 927, 242, 12767),
('Ipsum', 128, 928, 241, 12768),
('iQ', 128, 929, 11775, 12769),
('Kluger V', 128, NULL, 240, 12770),
('Land Cruiser', 128, 930, 239, 12771),
('Liteace', 128, 931, 238, 12772),
('Matrix', 128, 10084, 236, 12773),
('Mega Cruiser', 128, 10570, 235, 12774),
('MR 2', 128, NULL, 10996, 12775),
('Nadia', 128, 10571, 233, 12776),
('Paseo', 128, 935, 230, 12777),
('Picnic', 128, 936, 229, 12778),
('Previa', 128, 938, 226, 12779),
('Prius', 128, 939, 225, 12780),
('Prius+', 128, NULL, 17462, 12782),
('Proace City', 128, NULL, 30139, 12785),
('Proace City Verso', 128, NULL, 30141, 12786),
('RAV4', 128, 940, 221, 12787),
('Rush', 128, 10590, 17216, 12788),
('Sequoia', 128, 10593, 219, 12789),
('Sienna', 128, 8990, 217, 12790),
('Soarer', 128, 941, 216, 12791),
('Solara', 128, NULL, 272, 12792),
('Supra', 128, 943, 214, 12794),
('Tacoma', 128, 945, 276, 12795),
('Tercel', 128, 946, 16397, 12796),
('Tundra', 128, 948, 211, 12797),
('Urban Cruiser', 128, 949, 11032, 12798),
('Venza', 128, 952, 13820, 12799),
('Verso', 128, 950, 15102, 12800),
('Verso-S', 128, 951, 16710, 12801),
('Yaris', 128, 954, 208, 12802),
('Yaris Verso', 128, 955, 275, 12803),
('601', 129, NULL, 21508, 12804),
('Dolomite', 130, NULL, 16398, 12805),
('Moss', 130, NULL, 16399, 12806),
('Spitfire', 130, 1943, 16400, 12807),
('TR6', 130, 1947, 1530, 12808),
('2101', 132, 8760, 11325, 12809),
('2103', 132, 8761, 11088, 12810),
('2206', 132, 8762, 1472, 12811),
('3151', 132, 8763, 1473, 12812),
('3303', 132, 8764, 1475, 12813),
('3741', 132, 8765, 1476, 12814),
('3909', 132, 8766, 1477, 12815),
('3962', 132, 8767, 1479, 12816),
('452', 132, 8768, 1481, 12817),
('469', 132, 8769, 1480, 12818),
('Hunter', 132, 8770, 11797, 12819),
('Patriot', 132, 8771, 11795, 12820),
('Pickup', 132, 8772, 11796, 12821),
('Astra', 133, 540, 18748, 12822),
('Insignia', 133, 549, 18640, 12823),
('Vectra', 133, 559, 18466, 12824),
('210', 172, NULL, 17382, 12825),
('260', 172, NULL, 17383, 12826),
('300', 172, NULL, 17384, 12827),
('400', 172, NULL, 17385, 12828),
('Amarok', 134, 1028, 17245, 12829),
('Arteon', 134, 10618, 27391, 12830),
('Atlas', 134, NULL, 28803, 12831),
('Beetle', 134, 1029, 203, 12832),
('Bora', 134, 1030, 199, 12833),
('Caddy', 134, 8713, 198, 12835),
('California', 134, 1034, 16683, 12836),
('Caravelle', 134, 1035, 206, 12837),
('Corrado', 134, 1036, 196, 12838),
('Crafter', 134, 8971, 16115, 12839),
('Cross Touran', 134, NULL, 27775, 12840),
('Derby', 134, 10622, 25046, 12841),
('Eos', 134, 1037, 204, 12842),
('Fox', 134, 1038, 205, 12843),
('Golf', 134, 1039, 193, 12844),
('Golf Plus', 134, 1040, 201, 12845),
('Golf Sportsvan', 134, NULL, 22713, 12846),
('Golf SportWagen', 134, NULL, 19866, 12847),
('Iltia', 134, NULL, 192, 12848),
('Jetta', 134, 1042, 191, 12849),
('Kaefer', 134, NULL, 190, 12850),
('Karmann Ghia', 134, 10625, 17259, 12851),
('LT', 134, 8972, 10987, 12852),
('Lupo', 134, 1044, 189, 12853),
('Multivan', 134, 8689, 188, 12854),
('Passat', 134, 1045, 186, 12855),
('Passat Alltrack', 134, NULL, 19680, 12856),
('Passat CC', 134, 1046, 16411, 12857),
('Phaeton', 134, 1047, 185, 12858),
('Polo', 134, 1048, 184, 12859),
('Polo Cross', 134, NULL, 29905, 12860),
('Rabbit', 134, 10631, 16144, 12861),
('Routan', 134, 10632, 16542, 12862),
('Santana', 134, 10047, 183, 12863);
INSERT INTO `models` (`model_name`, `make_id`, `autobilis_model_id`, `autoplius_model_id`, `id`) VALUES
('Scirocco', 134, 1049, 182, 12864),
('Sharan', 134, 1050, 181, 12865),
('T-Cross', 134, NULL, 28987, 12866),
('T-Roc', 134, NULL, 27847, 12867),
('Taro', 134, NULL, 180, 12868),
('Tiguan', 134, 1051, 207, 12869),
('Tiguan Allspace', 134, NULL, 28871, 12870),
('Touareg', 134, 1052, 179, 12871),
('Touran', 134, 1053, 178, 12872),
('Transporter', 134, 8589, 202, 12873),
('Up', 134, 1054, 17283, 12874),
('Vento', 134, 1055, 177, 12875),
('240', 135, 738, 171, 12876),
('244', 135, 739, 16401, 12877),
('245', 135, 740, 16402, 12878),
('262', 135, 741, 16403, 12879),
('264', 135, 742, 170, 12880),
('340', 135, 743, 11791, 12881),
('360', 135, 744, 169, 12882),
('440', 135, 745, 168, 12883),
('460', 135, 746, 167, 12884),
('480', 135, 747, 166, 12885),
('740', 135, 9903, 165, 12886),
('744', 135, 748, 16404, 12887),
('745', 135, 749, 16405, 12888),
('760', 135, 750, 164, 12889),
('780', 135, 751, 163, 12890),
('850', 135, 752, 162, 12891),
('855', 135, 753, 16406, 12892),
('940', 135, 754, 161, 12893),
('944', 135, 755, 16407, 12894),
('945', 135, 756, 16408, 12895),
('960', 135, 757, 160, 12896),
('965', 135, 758, 16409, 12897),
('Amazon', 135, 759, 16145, 12898),
('C30', 135, 760, 176, 12899),
('C70', 135, 761, 159, 12900),
('Polar', 135, 762, 16410, 12901),
('S40', 135, 763, 158, 12902),
('S60', 135, 764, 157, 12903),
('S70', 135, 765, 173, 12905),
('S80', 135, 766, 156, 12906),
('S90', 135, 767, 155, 12907),
('V40', 135, 768, 153, 12908),
('V50', 135, 769, 175, 12910),
('V60', 135, 770, 16685, 12911),
('V70', 135, 771, 152, 12913),
('V90', 135, 772, 151, 12914),
('V90 Cross Country', 135, NULL, 27389, 12915),
('XC40', 135, 10640, 27863, 12916),
('XC60', 135, 773, 13523, 12917),
('XC70', 135, 774, 174, 12918),
('XC90', 135, 775, 150, 12919),
('W 25K', 173, NULL, 10872, 12920),
('311', 137, NULL, 1494, 12921),
('353', 137, NULL, 1496, 12922),
('965', 141, 8681, 1464, 12923),
('966', 141, 8682, 1465, 12924),
('968', 141, 8683, 13818, 12925),
('968A', 141, 8684, 1466, 12926),
('968M', 141, 8685, 1467, 12927),
('Tavrija', 141, 8686, 1468, 12928),
('Golden Spirit', 174, NULL, 28627, 12929),
('500', 175, 264, NULL, 13595),
('595', 175, 10101, NULL, 13596),
('695', 175, 10100, NULL, 13597),
('Grande Punto Hatchback', 175, 265, NULL, 13598),
('Punto Evo', 175, 266, NULL, 13599),
('500.5', 4, 276, NULL, 13601),
('Ccity', 4, 278, NULL, 13602),
('169', 5, 1740, NULL, 13603),
('8C Competizione', 5, 10105, NULL, 13604),
('S.Z./R.Z.', 5, 10106, NULL, 13605),
('SZ', 5, 1750, NULL, 13606),
('A110', 6, 10112, NULL, 13607),
('A610', 6, 10113, NULL, 13608),
('B4', 6, 10108, NULL, 13609),
('Roadster V8', 6, 10110, NULL, 13610),
('Atom', 176, 283, NULL, 13611),
('Convertible', 10, 976, NULL, 13612),
('RS 5', 10, 10118, NULL, 13613),
('1100', 11, 298, NULL, 13614),
('Ambassador', 11, 299, NULL, 13615),
('FL1', 11, 300, NULL, 13616),
('Maestro', 11, 302, NULL, 13617),
('Seven', 11, 305, NULL, 13618),
('Ten', 11, 306, NULL, 13619),
('Blower', 15, 1335, NULL, 13620),
('Continental GT', 15, 1339, NULL, 13621),
('Continental GTC', 15, 1340, NULL, 13622),
('Continental Supersports', 15, 1341, NULL, 13623),
('R Type', 15, 1344, NULL, 13624),
('Speed Six', 15, 1348, NULL, 13625),
('T-series', 15, 1349, NULL, 13626),
('1 Series', 16, 1832, NULL, 13627),
('1M', 16, 10123, NULL, 13628),
('2 Series', 16, 9931, NULL, 13629),
('2 Series Active Tourer', 16, 10124, NULL, 13630),
('3 Series', 16, 1840, NULL, 13631),
('4 Series', 16, 9946, NULL, 13632),
('5 Series', 16, 1852, NULL, 13633),
('6 Series', 16, 1866, NULL, 13634),
('7 Series', 16, 1874, NULL, 13635),
('8 Series', 16, 1884, NULL, 13636),
('GT 320', 16, 10641, NULL, 13637),
('GT 325', 16, 10642, NULL, 13638),
('GT 330', 16, 10643, NULL, 13639),
('GT 335', 16, 10644, NULL, 13640),
('GT series', 16, 10645, NULL, 13641),
('i series', 16, 10646, NULL, 13642),
('M Series', 16, 1887, NULL, 13643),
('X Series', 16, 1893, NULL, 13644),
('X5 M', 16, 10134, NULL, 13645),
('X6 M', 16, 10136, NULL, 13646),
('Z Series', 16, 1900, NULL, 13647),
('Z3 M', 16, 10140, NULL, 13648),
('Blenheim', 178, 10144, NULL, 13649),
('Fighter', 178, 10145, NULL, 13650),
('EB 112', 18, 10147, NULL, 13651),
('EB110', 18, 309, NULL, 13652),
('Type', 18, 311, NULL, 13653),
('Excelle', 19, 10149, NULL, 13654),
('GL8', 19, 10150, NULL, 13655),
('De Ville', 20, 10155, NULL, 13656),
('21', 22, 10158, NULL, 13657),
('Supersprint', 22, 315, NULL, 13658),
('Speedster', 179, 317, NULL, 13659),
('Meriva', 24, 10160, NULL, 13660),
('Montana', 24, 10161, NULL, 13661),
('MW', 24, 10162, NULL, 13662),
('N200', 24, 10163, NULL, 13663),
('N300', 24, 10164, NULL, 13664),
('Niva', 24, 10165, NULL, 13665),
('Omega', 24, 10167, NULL, 13666),
('Onix', 24, 10168, NULL, 13667),
('Optra', 24, 10169, NULL, 13668),
('Prisma', 24, 10170, NULL, 13669),
('Sail', 24, 10173, NULL, 13670),
('Sonora', 24, 10175, NULL, 13671),
('Spin', 24, 10176, NULL, 13672),
('Tacumar', 24, 698, NULL, 13673),
('Tavera', 24, 10178, NULL, 13674),
('Tornado', 24, 10179, NULL, 13675),
('Utility', 24, 10180, NULL, 13676),
('Vectra', 24, 10181, NULL, 13677),
('Vega', 24, 10182, NULL, 13678),
('Vitara', 24, 10183, NULL, 13679),
('Viva', 24, 10184, NULL, 13680),
('Vivant', 24, 10185, NULL, 13681),
('Zafira', 24, 10187, NULL, 13682),
('Dynasty', 25, 787, NULL, 13683),
('Fifth Avenue', 25, 10188, NULL, 13684),
('LeBaron', 25, 10189, NULL, 13685),
('Town and Country', 25, 10190, NULL, 13686),
('2CV', 26, 873, NULL, 13687),
('Berlingo Multispace', 26, 876, NULL, 13688),
('C4 Spacetourer', 26, 10194, NULL, 13689),
('CX 5', 26, 8973, NULL, 13690),
('Dispatch Combi', 26, 889, NULL, 13691),
('Nemo Multispace', 26, 895, NULL, 13692),
('Xsara Piccaso', 26, 902, NULL, 13693),
('C6', 180, 319, NULL, 13694),
('Z06', 180, 320, NULL, 13695),
('1325 Liberta', 29, 10199, NULL, 13696),
('Arcadia', 30, 10201, NULL, 13697),
('Damas', 30, 10203, NULL, 13698),
('G2X', 30, 10204, NULL, 13699),
('Gentra', 30, 10205, NULL, 13700),
('LeMans', 30, 10206, NULL, 13701),
('Tosca', 30, 10211, NULL, 13702),
('Winstorm', 30, 10212, NULL, 13703),
('Altis', 32, 10213, NULL, 13704),
('Be-go', 32, 10216, NULL, 13705),
('Boon', 32, 10217, NULL, 13706),
('Coure', 32, 342, NULL, 13707),
('Esse', 32, 10219, NULL, 13708),
('Grand Move', 32, 344, NULL, 13709),
('Sonica', 32, 10227, NULL, 13710),
('Storia', 32, 10228, NULL, 13711),
('Xenia', 32, 10231, NULL, 13712),
('Conquest', 181, 2104, NULL, 13713),
('Double Six', 181, 2105, NULL, 13714),
('Six', 181, 2106, NULL, 13715),
('Sovereign', 181, 2107, NULL, 13716),
('Super V8', 181, 2108, NULL, 13717),
('V8', 181, 2109, NULL, 13718),
('XJ Series', 181, 2110, NULL, 13719),
('Rush', 182, 354, NULL, 13720),
('Ramcharger', 36, 10234, NULL, 13721),
('Shadow', 36, 10235, NULL, 13722),
('488', 39, 10240, NULL, 13723),
('599', 39, 10243, NULL, 13724),
('F12 Berlinetta', 39, 8984, NULL, 13725),
('500C', 40, 9910, NULL, 13726),
('E-series', 42, 10254, NULL, 13727),
('Explorer Sport Trac', 42, 10255, NULL, 13728),
('F-Series', 42, 10257, NULL, 13729),
('GT40', 42, 10258, NULL, 13730),
('Shelby', 42, 10259, NULL, 13731),
('Taurus X', 42, 10260, NULL, 13732),
('Transit Connect Tourneo', 42, 9964, NULL, 13733),
('Pobeda', 44, 10032, NULL, 13734),
('Steed', 158, 357, NULL, 13735),
('Airwave', 53, 10264, NULL, 13736),
('Ascot', 53, 10265, NULL, 13737),
('Concreto', 53, 1205, NULL, 13738),
('CR-X', 53, 10269, NULL, 13739),
('Crossroad', 53, 10271, NULL, 13740),
('Edix', 53, 10274, NULL, 13741),
('Elysion', 53, 10276, NULL, 13742),
('Fit Aria', 53, 10278, NULL, 13743),
('Fit Shuttle', 53, 10279, NULL, 13744),
('Freed', 53, 10280, NULL, 13745),
('Jade', 53, 10281, NULL, 13746),
('Mobilio', 53, 10282, NULL, 13747),
('N-Series', 53, 10283, NULL, 13748),
('Orthia', 53, 10284, NULL, 13749),
('Partner', 53, 10285, NULL, 13750),
('Rafaga', 53, 10286, NULL, 13751),
('S-MX', 53, 10287, NULL, 13752),
('Saber', 53, 10288, NULL, 13753),
('Stepwgn', 53, 10289, NULL, 13754),
('SZX50S', 53, 9898, NULL, 13755),
('That\'s', 53, 10290, NULL, 13756),
('Torneo', 53, 10291, NULL, 13757),
('Vamos', 53, 10292, NULL, 13758),
('Vezel', 53, 10293, NULL, 13759),
('Vigor', 53, 10294, NULL, 13760),
('Z', 53, 10295, NULL, 13761),
('Amica', 55, 10296, NULL, 13762),
('Centennial', 55, 10298, NULL, 13763),
('Click', 55, 10299, NULL, 13764),
('Creta', 55, 10300, NULL, 13765),
('Dynasty', 55, 10301, NULL, 13766),
('Elantra Touring', 55, 10302, NULL, 13767),
('Eon', 55, 10303, NULL, 13768),
('HB20', 55, 10305, NULL, 13769),
('i45', 55, 10306, NULL, 13770),
('Presto', 55, 10308, NULL, 13771),
('Rohens', 55, 10309, NULL, 13772),
('Stellar', 55, 10311, NULL, 13773),
('TB', 55, 10312, NULL, 13774),
('Trajet XG', 55, 10313, NULL, 13775),
('Tuscani', 55, 10314, NULL, 13776),
('Verna', 55, 10316, NULL, 13777),
('Volester', 55, 1497, NULL, 13778),
('XG350', 55, 1500, NULL, 13779),
('FX35/45', 56, 816, NULL, 13780),
('Fargo', 57, 10326, NULL, 13781),
('TF', 57, 1274, NULL, 13782),
('TurboDaily', 58, 8969, NULL, 13783),
('420', 59, 996, NULL, 13784),
('Mark II', 59, 998, NULL, 13785),
('XFR', 59, 9031, NULL, 13786),
('XK-R', 59, 8994, NULL, 13787),
('Grand Wagoneer', 60, 1794, NULL, 13788),
('Amanti', 62, 10335, NULL, 13789),
('Brisa', 62, 10336, NULL, 13790),
('Capital', 62, 10338, NULL, 13791),
('Carstar', 62, 10339, NULL, 13792),
('Concord', 62, 10341, NULL, 13793),
('Credos', 62, 10342, NULL, 13794),
('Lotze', 62, 10344, NULL, 13795),
('Mohave', 62, 10345, NULL, 13796),
('Morning', 62, 10346, NULL, 13797),
('Parktown', 62, 10348, NULL, 13798),
('Pro Cee\"d', 62, 2030, NULL, 13799),
('Ray', 62, 10350, NULL, 13800),
('Towner', 62, 10353, NULL, 13801),
('Visto', 62, 10354, NULL, 13802),
('X-Trek', 62, 10355, NULL, 13803),
('CC', 63, 368, NULL, 13804),
('350GT', 65, 1444, NULL, 13805),
('400GT', 65, 1445, NULL, 13806),
('Diablo GT', 65, 1449, NULL, 13807),
('Estoque', 65, 1451, NULL, 13808),
('Islero', 65, 1453, NULL, 13809),
('Jarama', 65, 1455, NULL, 13810),
('LM002', 65, 1456, NULL, 13811),
('Murcialago', 65, 1458, NULL, 13812),
('Reventon', 65, 1459, NULL, 13813),
('Silhouette', 65, 1460, NULL, 13814),
('A112', 66, 10356, NULL, 13815),
('Hyena', 66, 10357, NULL, 13816),
('Lambda', 66, 1372, NULL, 13817),
('Monte Carlo', 66, 1374, NULL, 13818),
('Trevi', 66, 1380, NULL, 13819),
('Y10', 66, 10358, NULL, 13820),
('Evoque', 67, 8983, NULL, 13821),
('Lightweight', 67, 1061, NULL, 13822),
('Series I', 67, 1065, NULL, 13823),
('Series II', 67, 1066, NULL, 13824),
('Series III', 67, 1067, NULL, 13825),
('GX class', 70, 1104, NULL, 13826),
('IS-F class', 70, 1116, NULL, 13827),
('LC', 70, 10361, NULL, 13828),
('NX 200', 70, 8995, NULL, 13829),
('NX 300', 70, 8996, NULL, 13830),
('RX class', 70, 1125, NULL, 13831),
('SC class', 70, 1132, NULL, 13832),
('UX', 70, 10362, NULL, 13833),
('MKR', 72, 1803, NULL, 13834),
('2-Eleven', 73, 1776, NULL, 13835),
('Carlton', 73, 1777, NULL, 13836),
('Seven', 73, 1785, NULL, 13837),
('TXI', 74, 378, NULL, 13838),
('TXII', 74, 379, NULL, 13839),
('Exelero', 80, 2164, NULL, 13840),
('HL230', 80, 2165, NULL, 13841),
('Zeppelin', 80, 2166, NULL, 13842),
('616', 81, 10363, NULL, 13843),
('Axela', 81, 10364, NULL, 13844),
('AZ-1', 81, 10365, NULL, 13845),
('AZ-Offroad', 81, 10366, NULL, 13846),
('AZ-Wagon', 81, 10367, NULL, 13847),
('B-Series', 81, 1301, NULL, 13848),
('Biante', 81, 10368, NULL, 13849),
('Bongo Friendee', 81, 10369, NULL, 13850),
('Capella', 81, 10370, NULL, 13851),
('Eunos 500', 81, 10371, NULL, 13852),
('Eunos Cosmo', 81, 10372, NULL, 13853),
('Familia', 81, 10373, NULL, 13854),
('Flair', 81, 10374, NULL, 13855),
('Scrum', 81, 10375, NULL, 13856),
('Spiano', 81, 10376, NULL, 13857),
('Verisa', 81, 10377, NULL, 13858),
('Xedos6', 81, 1329, NULL, 13859),
('Xedos9', 81, 1330, NULL, 13860),
('130', 83, 1513, NULL, 13861),
('150', 83, 1514, NULL, 13862),
('170 H', 83, 1515, NULL, 13863),
('190SL', 83, 1516, NULL, 13864),
('200 Lang', 83, 1518, NULL, 13865),
('260 D', 83, 1520, NULL, 13866),
('300D', 83, 1522, NULL, 13867),
('300SL', 83, 1523, NULL, 13868),
('370S', 83, 1525, NULL, 13869),
('380K', 83, 1526, NULL, 13870),
('410', 83, 8927, NULL, 13871),
('500K', 83, 1527, NULL, 13872),
('540K', 83, 1528, NULL, 13873),
('770', 83, 1530, NULL, 13874),
('814', 83, 8929, NULL, 13875),
('A-Class', 83, 1531, NULL, 13876),
('B-Class', 83, 1540, NULL, 13877),
('C-Class', 83, 1546, NULL, 13878),
('CE-Class', 83, 1562, NULL, 13879),
('CL-Class', 83, 1566, NULL, 13880),
('CLA-Class', 83, 10381, NULL, 13881),
('CLC-Class', 83, 1576, NULL, 13882),
('CLK-Class', 83, 1584, NULL, 13883),
('CLS-Class', 83, 1597, NULL, 13884),
('E-Class', 83, 1606, NULL, 13885),
('G-Class', 83, 1628, NULL, 13886),
('GL-Class', 83, 1640, NULL, 13887),
('GLA', 83, 9921, NULL, 13888),
('GLC', 83, 9922, NULL, 13889),
('GLC Coupe', 83, 9923, NULL, 13890),
('GLE', 83, 9924, NULL, 13891),
('GLE Coupe', 83, 9925, NULL, 13892),
('GLK-Class', 83, 1649, NULL, 13893),
('GLS', 83, 9926, NULL, 13894),
('M-Class', 83, 10383, NULL, 13895),
('ML-Class', 83, 8997, NULL, 13896),
('R-Class', 83, 1671, NULL, 13897),
('S-Class', 83, 1678, NULL, 13898),
('SL-Class', 83, 1695, NULL, 13899),
('SLC-Class', 83, 10384, NULL, 13900),
('SLK-Class', 83, 1711, NULL, 13901),
('SLR-Class', 83, 10385, NULL, 13902),
('V-Class', 83, 1723, NULL, 13903),
('X-Class', 83, 10387, NULL, 13904),
('Magnette', 85, 1233, NULL, 13905),
('MG6', 85, 1234, NULL, 13906),
('MGC', 85, 1237, NULL, 13907),
('Roadster', 85, 1239, NULL, 13908),
('RV8', 85, 1240, NULL, 13909),
('ZT-T', 85, 1246, NULL, 13910),
('MG6', 187, 382, NULL, 13911),
('MGTF', 187, 383, NULL, 13912),
('Cabrio', 87, 10388, NULL, 13913),
('Hatchback', 87, 396, NULL, 13914),
('Roadster', 87, 10390, NULL, 13915),
('3000GT', 88, 1971, NULL, 13916),
('Airtrek', 88, 10392, NULL, 13917),
('Chariot', 88, 10393, NULL, 13918),
('Debonair', 88, 10394, NULL, 13919),
('Dingo', 88, 10395, NULL, 13920),
('Dion', 88, 10396, NULL, 13921),
('eK', 88, 10398, NULL, 13922),
('i', 88, 10400, NULL, 13923),
('Legnum', 88, 10402, NULL, 13924),
('Libero', 88, 10403, NULL, 13925),
('Minica', 88, 10404, NULL, 13926),
('Montero Sport', 88, 10405, NULL, 13927),
('Pajero iO', 88, 10406, NULL, 13928),
('Pajero Junior', 88, 10407, NULL, 13929),
('Pajero Mini', 88, 10408, NULL, 13930),
('Proudia', 88, 10409, NULL, 13931),
('RVR', 88, 10410, NULL, 13932),
('Toppo', 88, 10411, NULL, 13933),
('Town BOX', 88, 10412, NULL, 13934),
('XPANDER', 88, 10413, NULL, 13935),
('Aero', 89, 403, NULL, 13936),
('Roadster V6', 89, 405, NULL, 13937),
('1100', 189, 408, NULL, 13938),
('Mini', 189, 409, NULL, 13939),
('Minor', 189, 410, NULL, 13940),
('100NX', 91, 1385, NULL, 13941),
('180SX', 91, 10414, NULL, 13942),
('200SX', 91, 1386, NULL, 13943),
('240SX', 91, 10415, NULL, 13944),
('300ZX', 91, 1387, NULL, 13945),
('AD', 91, 10416, NULL, 13946),
('Almera Classic', 91, 10417, NULL, 13947),
('Aprio', 91, 10418, NULL, 13948),
('Auster', 91, 10419, NULL, 13949),
('Avenir', 91, 10420, NULL, 13950),
('Bassara', 91, 10421, NULL, 13951),
('Be-1', 91, 10422, NULL, 13952),
('Cabstro', 91, 1395, NULL, 13953),
('Cedric', 91, 10423, NULL, 13954),
('Cefiro', 91, 10424, NULL, 13955),
('Clipper', 91, 10425, NULL, 13956),
('Crew', 91, 10426, NULL, 13957),
('Dualis', 91, 10427, NULL, 13958),
('Eco', 91, 8915, NULL, 13959),
('Elgrand', 91, 10428, NULL, 13960),
('Expert', 91, 10429, NULL, 13961),
('Fairlady Z', 91, 10430, NULL, 13962),
('Fuga', 91, 1401, NULL, 13963),
('Gazelle', 91, 1402, NULL, 13964),
('Gloria', 91, 10432, NULL, 13965),
('Homy', 91, 10433, NULL, 13966),
('Kix', 91, 10434, NULL, 13967),
('Lafesta', 91, 10435, NULL, 13968),
('Langley', 91, 10436, NULL, 13969),
('Largo', 91, 10437, NULL, 13970),
('Latio', 91, 10438, NULL, 13971),
('Leopard', 91, 10439, NULL, 13972),
('Livina', 91, 10440, NULL, 13973),
('Lucino', 91, 10441, NULL, 13974),
('March', 91, 10442, NULL, 13975),
('Mistral', 91, 10443, NULL, 13976),
('Moco', 91, 10444, NULL, 13977),
('NP200', 91, 10445, NULL, 13978),
('NV350', 91, 10446, NULL, 13979),
('Otti', 91, 10447, NULL, 13980),
('Paladin', 91, 10448, NULL, 13981),
('Pao', 91, 10449, NULL, 13982),
('Pino', 91, 10450, NULL, 13983),
('Platina', 91, 10451, NULL, 13984),
('Praire', 91, 1416, NULL, 13985),
('Presage', 91, 10453, NULL, 13986),
('Presea', 91, 10454, NULL, 13987),
('R\'nessa', 91, 10455, NULL, 13988),
('Rasheen', 91, 10456, NULL, 13989),
('Roox', 91, 10457, NULL, 13990),
('Rougue', 91, 1424, NULL, 13991),
('Safari', 91, 10458, NULL, 13992),
('Skyline Crossover', 91, 10459, NULL, 13993),
('Skyline GT-R', 91, 1429, NULL, 13994),
('Stagea', 91, 10460, NULL, 13995),
('Teana', 91, 10462, NULL, 13996),
('Tino', 91, 10463, NULL, 13997),
('Violet', 91, 10464, NULL, 13998),
('Violet Liberta', 91, 10465, NULL, 13999),
('M12', 190, 413, NULL, 14000),
('Curved Dash', 94, 1929, NULL, 14001),
('Astra GTC', 96, 8597, NULL, 14002),
('Carlton', 96, 8599, NULL, 14003),
('Cavalier', 96, 8600, NULL, 14004),
('Combo Tour', 96, 8601, NULL, 14005),
('Cresta', 96, 8603, NULL, 14006),
('Monaro', 96, 8607, NULL, 14007),
('Viva', 96, 8616, NULL, 14008),
('VX220', 96, 8618, NULL, 14009),
('VXR8', 96, 8619, NULL, 14010),
('Zonda', 191, 416, NULL, 14011),
('Zonda F', 191, 417, NULL, 14012),
('Kallista', 192, 420, NULL, 14013),
('Kelisa', 193, 423, NULL, 14014),
('Kenari', 193, 424, NULL, 14015),
('Myvi', 193, 425, NULL, 14016),
('Nippa', 193, 426, NULL, 14017),
('Bipper Tepee', 97, 1184, NULL, 14018),
('Expert Tepee', 97, 1185, NULL, 14019),
('Partmer Origin Combi', 97, 1187, NULL, 14020),
('Partner Combi', 97, 1186, NULL, 14021),
('Partner Tepee', 97, 1188, NULL, 14022),
('Sumo', 194, 429, NULL, 14023),
('Firefly', 102, 1012, NULL, 14024),
('Grand Am', 102, 1014, NULL, 14025),
('Grand Prix', 102, 1015, NULL, 14026),
('Safari', 102, 1018, NULL, 14027),
('911 classic', 103, 1815, NULL, 14028),
('911 GT2', 103, 1816, NULL, 14029),
('911 GT3', 103, 1817, NULL, 14030),
('911 Turbo', 103, 1818, NULL, 14031),
('918', 103, 10479, NULL, 14032),
('930', 103, 1822, NULL, 14033),
('Compact', 104, 432, NULL, 14034),
('Impian', 104, 434, NULL, 14035),
('Jumbuck', 104, 435, NULL, 14036),
('Satria Neo', 104, 438, NULL, 14037),
('Savvy', 104, 439, NULL, 14038),
('Wira', 104, 440, NULL, 14039),
('Xtreme', 195, 443, NULL, 14040),
('SR3', 196, 446, NULL, 14041),
('Rialto', 197, 449, NULL, 14042),
('Robin', 197, 450, NULL, 14043),
('Scimitar', 197, 451, NULL, 14044),
('15', 105, 10483, NULL, 14045),
('16', 105, 10484, NULL, 14046),
('17', 105, 10485, NULL, 14047),
('Alpine', 105, 1755, NULL, 14048),
('Dokker', 105, 10493, NULL, 14049),
('Duster', 105, 10494, NULL, 14050),
('Fregate', 105, 10495, NULL, 14051),
('Kaptur', 105, 10497, NULL, 14052),
('Kwid', 105, 10498, NULL, 14053),
('Le Car', 105, 10499, NULL, 14054),
('Megane Scenic', 105, 1766, NULL, 14055),
('Pulse', 105, 10500, NULL, 14056),
('Scala', 105, 10501, NULL, 14057),
('Torino', 105, 10504, NULL, 14058),
('G-Wizz', 198, 454, NULL, 14059),
('F1', 199, 457, NULL, 14060),
('Indy Car', 199, 458, NULL, 14061),
('Elf', 200, 461, NULL, 14062),
('Lightweight', 201, 464, NULL, 14063),
('Project 2B', 201, 465, NULL, 14064),
('20/25', 106, 1144, NULL, 14065),
('Silver Dawn', 106, 1149, NULL, 14066),
('2000', 107, 470, NULL, 14067),
('3500', 107, 472, NULL, 14068),
('Cabriolet', 107, 478, NULL, 14069),
('Coupe', 107, 480, NULL, 14070),
('P5', 107, 483, NULL, 14071),
('Sterling', 107, 484, NULL, 14072),
('Vitesse', 107, 486, NULL, 14073),
('PS10', 110, 489, NULL, 14074),
('Storm4orce', 110, 490, NULL, 14075),
('L-series', 111, 1506, NULL, 14076),
('S-series', 111, 1508, NULL, 14077),
('Fura', 113, 728, NULL, 14079),
('105/120/130', 115, 10511, NULL, 14080),
('City Cabriolet', 116, 2154, NULL, 14081),
('City Coupe', 116, 2155, NULL, 14082),
('Formore', 116, 2157, NULL, 14083),
('Roadster Coupe', 116, 2160, NULL, 14084),
('C12 La Turbie', 168, 497, NULL, 14085),
('C12 Zagato', 168, 498, NULL, 14086),
('C8 Aileron', 168, 493, NULL, 14087),
('C8 Double', 168, 494, NULL, 14088),
('C8 Laviollete', 168, 496, NULL, 14089),
('C8 Spyder', 168, 495, NULL, 14090),
('D8', 168, 499, NULL, 14091),
('Korando Family', 117, 10514, NULL, 14092),
('Musso Sports', 117, 2119, NULL, 14093),
('Nomad', 117, 10515, NULL, 14094),
('Stavic', 117, 10516, NULL, 14095),
('Flying 8', 202, 502, NULL, 14096),
('Super 10', 202, 503, NULL, 14097),
('Dex', 118, 10518, NULL, 14098),
('Exiga', 118, 10519, NULL, 14099),
('Exiga Crossover 7', 118, 10520, NULL, 14100),
('Impreza WRX STI', 118, 1957, NULL, 14101),
('Pleo', 118, 10521, NULL, 14102),
('Traviq', 118, 10522, NULL, 14103),
('Cultus', 119, 10524, NULL, 14104),
('Escudo', 119, 10525, NULL, 14105),
('Every', 119, 10526, NULL, 14106),
('MR Wagon', 119, 10527, NULL, 14107),
('Alpine', 121, 506, NULL, 14108),
('BA75', 121, 507, NULL, 14109),
('Sunbeam', 121, 508, NULL, 14110),
('Cybertruck', 127, 10659, NULL, 14111),
('Model Y', 127, 10657, NULL, 14112),
('86', 128, 10046, NULL, 14113),
('Allex', 128, 10528, NULL, 14114),
('Altezza', 128, 908, NULL, 14115),
('Aqua', 128, 10530, NULL, 14116),
('Aristo', 128, 10531, NULL, 14117),
('Aurion', 128, 10532, NULL, 14118),
('Avanza', 128, 10533, NULL, 14119),
('BB', 128, 914, NULL, 14120),
('Belta', 128, 10534, NULL, 14121),
('Blade', 128, 10535, NULL, 14122),
('Blizzard', 128, 10536, NULL, 14123),
('Brevis', 128, 10537, NULL, 14124),
('Caldina', 128, 10539, NULL, 14125),
('Cami', 128, 10540, NULL, 14126),
('Celsior', 128, 10542, NULL, 14127),
('Comfort', 128, 10544, NULL, 14128),
('Corolla Ceres', 128, 10545, NULL, 14129),
('Corolla Rumion', 128, 10546, NULL, 14130),
('Corolla Spacio', 128, 10547, NULL, 14131),
('Corona', 128, 10548, NULL, 14132),
('Crown Majesta', 128, 10550, NULL, 14133),
('Curren', 128, 10551, NULL, 14134),
('Cynos', 128, 10552, NULL, 14135),
('Emina', 128, 921, NULL, 14136),
('Esquire', 128, 10554, NULL, 14137),
('Fortuner', 128, 10555, NULL, 14138),
('Fun Cargo', 128, 10556, NULL, 14139),
('Gaia', 128, 10557, NULL, 14140),
('Granvia', 128, 924, NULL, 14141),
('Harrier', 128, 10559, NULL, 14142),
('Hilux Surf', 128, 10560, NULL, 14143),
('Innova', 128, 10561, NULL, 14144),
('Isis', 128, 10562, NULL, 14145),
('Ist', 128, 10563, NULL, 14146),
('Kluger', 128, 10564, NULL, 14147),
('Land Cruiser Prado', 128, 10565, NULL, 14148),
('Lite Ace', 128, 10566, NULL, 14149),
('Lucida', 128, 932, NULL, 14150),
('Mark II', 128, 10567, NULL, 14151),
('Mark X', 128, 10568, NULL, 14152),
('Mark X Zio', 128, 10569, NULL, 14153),
('MR-S', 128, 933, NULL, 14154),
('Noah', 128, 10572, NULL, 14155),
('Opa', 128, 10573, NULL, 14156),
('Origin', 128, 10574, NULL, 14157),
('Passo', 128, 10575, NULL, 14158),
('Passo Sette', 128, 10576, NULL, 14159),
('Platz', 128, 10577, NULL, 14160),
('Porte', 128, 10578, NULL, 14161),
('Prado', 128, 937, NULL, 14162),
('Premio', 128, 10579, NULL, 14163),
('Prius a', 128, 10580, NULL, 14164),
('Prius Plus', 128, 10582, NULL, 14165),
('Prius V', 128, 10583, NULL, 14166),
('Probox', 128, 10584, NULL, 14167),
('Progres', 128, 10585, NULL, 14168),
('Pronard', 128, 10586, NULL, 14169),
('Ractis', 128, 10587, NULL, 14170),
('Raum', 128, 10588, NULL, 14171),
('Rukus', 128, 10589, NULL, 14172),
('Sai', 128, 10591, NULL, 14173),
('Scepter', 128, 10592, NULL, 14174),
('Sera', 128, 10594, NULL, 14175),
('Sienta', 128, 10595, NULL, 14176),
('Sparky', 128, 10596, NULL, 14177),
('Sprinter', 128, 10597, NULL, 14178),
('Sprinter Carib', 128, 10598, NULL, 14179),
('Sprinter Marino', 128, 10599, NULL, 14180),
('Sprinter Trueno', 128, 10600, NULL, 14181),
('Succeed', 128, 10601, NULL, 14182),
('Surf', 128, 944, NULL, 14183),
('Town Ace', 128, 10602, NULL, 14184),
('Town Ace Noah', 128, 10603, NULL, 14185),
('Townace', 128, 947, NULL, 14186),
('Vanguard', 128, 10604, NULL, 14187),
('Vellfire', 128, 10605, NULL, 14188),
('Verossa', 128, 10606, NULL, 14189),
('Vios', 128, 10607, NULL, 14190),
('Vista', 128, 10608, NULL, 14191),
('Vitz', 128, 10609, NULL, 14192),
('Voltz', 128, 10610, NULL, 14193),
('Voxy', 128, 10611, NULL, 14194),
('Will', 128, 953, NULL, 14195),
('Will Cypha', 128, 10612, NULL, 14196),
('Will Vi', 128, 10613, NULL, 14197),
('Will VS', 128, 10614, NULL, 14198),
('Windom', 128, 10615, NULL, 14199),
('Wish', 128, 10616, NULL, 14200),
('Zelas', 128, 10617, NULL, 14201),
('1500', 130, 1940, NULL, 14202),
('2000', 130, 1941, NULL, 14203),
('3000M', 131, 517, NULL, 14204),
('350I', 131, 518, NULL, 14205),
('S Convertible', 131, 522, NULL, 14206),
('T-350', 131, 523, NULL, 14207),
('Agila', 133, 538, NULL, 14209),
('Antara', 133, 539, NULL, 14210),
('Astra GTC', 133, 541, NULL, 14211),
('Calibra', 133, 542, NULL, 14212),
('Carlton', 133, 543, NULL, 14213),
('Cavalier', 133, 544, NULL, 14214),
('Combo Tour', 133, 545, NULL, 14215),
('Corsa', 133, 546, NULL, 14216),
('Cresta', 133, 547, NULL, 14217),
('Meriva', 133, 550, NULL, 14218),
('Monaro', 133, 551, NULL, 14219),
('Monterey', 133, 552, NULL, 14220),
('Nova', 133, 553, NULL, 14221),
('Senator', 133, 555, NULL, 14222),
('Signum', 133, 556, NULL, 14223),
('Sintra', 133, 557, NULL, 14224),
('Tigra', 133, 558, NULL, 14225),
('Viva', 133, 560, NULL, 14226),
('Vivaro', 133, 561, NULL, 14227),
('VX220', 133, 562, NULL, 14228),
('VXR8', 133, 563, NULL, 14229),
('Zafira', 133, 564, NULL, 14230),
('24 GAZ', 203, 8977, NULL, 14231),
('Brasilia', 134, 10619, NULL, 14232),
('Caddy Life', 134, 1031, NULL, 14233),
('Caddy Maxi C20', 134, 1032, NULL, 14234),
('Caddy Maxi Life', 134, 1033, NULL, 14235),
('Citi Golf', 134, 10620, NULL, 14236),
('Clasico', 134, 10621, NULL, 14237),
('Gol', 134, 10623, NULL, 14238),
('GTI', 134, 1041, NULL, 14239),
('Karmann', 134, 1043, NULL, 14240),
('Magotan', 134, 10627, NULL, 14241),
('Parati', 134, 10628, NULL, 14242),
('Pointer', 134, 10629, NULL, 14243),
('Quantum', 134, 10630, NULL, 14244),
('Sagitar', 134, 10633, NULL, 14245),
('Saveiro', 134, 10634, NULL, 14246),
('SP2', 134, 10635, NULL, 14247),
('Suran', 134, 10636, NULL, 14248),
('Teramont', 134, 10637, NULL, 14249),
('Variant VII', 134, 10638, NULL, 14250),
('Voyage', 134, 10639, NULL, 14251),
('1800', 135, 737, NULL, 14252),
('1700', 204, 529, NULL, 14253),
('2000', 204, 530, NULL, 14254),
('7', 204, 531, NULL, 14255),
('Megabusa', 204, 532, NULL, 14256),
('Sei', 204, 533, NULL, 14257),
('Sport', 204, 534, NULL, 14258),
('XTR2', 204, 535, NULL, 14259);

-- --------------------------------------------------------

--
-- Table structure for table `query_body_style`
--

CREATE TABLE `query_body_style` (
  `query_id` int(11) NOT NULL,
  `body_style_id` int(11) NOT NULL
) ENGINE=InnoDB DEFAULT CHARSET=utf8;

--
-- Dumping data for table `query_body_style`
--

INSERT INTO `query_body_style` (`query_id`, `body_style_id`) VALUES
(3, 1),
(19, 3),
(21, 3),
(19, 10);

-- --------------------------------------------------------

--
-- Table structure for table `query_fuel`
--

CREATE TABLE `query_fuel` (
  `query_id` int(11) NOT NULL,
  `fuel_id` int(11) NOT NULL
) ENGINE=InnoDB DEFAULT CHARSET=utf8;

--
-- Dumping data for table `query_fuel`
--

INSERT INTO `query_fuel` (`query_id`, `fuel_id`) VALUES
(15, 1),
(19, 1),
(21, 1),
(3, 2);

-- --------------------------------------------------------

--
-- Table structure for table `query_make_model`
--

CREATE TABLE `query_make_model` (
  `query_id` int(11) NOT NULL,
  `make_id` int(11) NOT NULL,
  `id` int(11) NOT NULL,
  `model_id` int(11) DEFAULT NULL
) ENGINE=InnoDB DEFAULT CHARSET=utf8;

--
-- Dumping data for table `query_make_model`
--

INSERT INTO `query_make_model` (`query_id`, `make_id`, `id`, `model_id`) VALUES
(21, 10, 1, 11023),
(3, 10, 2, 11023);

--
-- Indexes for dumped tables
--

--
-- Indexes for table `body_styles`
--
ALTER TABLE `body_styles`
  ADD UNIQUE KEY `name` (`name`),
  ADD UNIQUE KEY `autobilis_id` (`autobilis_id`),
  ADD UNIQUE KEY `autoplius_id` (`autoplius_id`),
  ADD KEY `id` (`id`);

--
-- Indexes for table `car_ads`
--
ALTER TABLE `car_ads`
  ADD PRIMARY KEY (`id`),
  ADD UNIQUE KEY `autog_id` (`autog_id`),
  ADD KEY `body_type` (`body_type`),
  ADD KEY `fuel_type` (`fuel_type`),
  ADD KEY `make` (`make`),
  ADD KEY `model` (`model`);

--
-- Indexes for table `car_queries`
--
ALTER TABLE `car_queries`
  ADD PRIMARY KEY (`id`);

--
-- Indexes for table `fuel_types`
--
ALTER TABLE `fuel_types`
  ADD PRIMARY KEY (`id`),
  ADD UNIQUE KEY `fuel_name` (`fuel_name`),
  ADD UNIQUE KEY `autoplius_fuel_id` (`autoplius_fuel_id`),
  ADD UNIQUE KEY `autobilis_fuel_id` (`autobilis_fuel_id`);

--
-- Indexes for table `makes`
--
ALTER TABLE `makes`
  ADD PRIMARY KEY (`id`),
  ADD UNIQUE KEY `make` (`make`);

--
-- Indexes for table `models`
--
ALTER TABLE `models`
  ADD PRIMARY KEY (`id`),
  ADD UNIQUE KEY `model_name` (`model_name`,`make_id`),
  ADD KEY `make_id` (`make_id`);

--
-- Indexes for table `query_body_style`
--
ALTER TABLE `query_body_style`
  ADD PRIMARY KEY (`query_id`,`body_style_id`),
  ADD KEY `body_style_id` (`body_style_id`);

--
-- Indexes for table `query_fuel`
--
ALTER TABLE `query_fuel`
  ADD PRIMARY KEY (`query_id`,`fuel_id`),
  ADD KEY `fuel_id` (`fuel_id`);

--
-- Indexes for table `query_make_model`
--
ALTER TABLE `query_make_model`
  ADD PRIMARY KEY (`id`),
  ADD KEY `query_id` (`query_id`),
  ADD KEY `make_id` (`make_id`),
  ADD KEY `model_id` (`model_id`);

--
-- AUTO_INCREMENT for dumped tables
--

--
-- AUTO_INCREMENT for table `body_styles`
--
ALTER TABLE `body_styles`
  MODIFY `id` int(11) NOT NULL AUTO_INCREMENT, AUTO_INCREMENT=19;

--
-- AUTO_INCREMENT for table `car_ads`
--
ALTER TABLE `car_ads`
  MODIFY `id` int(11) NOT NULL AUTO_INCREMENT, AUTO_INCREMENT=157;

--
-- AUTO_INCREMENT for table `car_queries`
--
ALTER TABLE `car_queries`
  MODIFY `id` int(11) NOT NULL AUTO_INCREMENT, AUTO_INCREMENT=22;

--
-- AUTO_INCREMENT for table `fuel_types`
--
ALTER TABLE `fuel_types`
  MODIFY `id` int(11) NOT NULL AUTO_INCREMENT, AUTO_INCREMENT=8;

--
-- AUTO_INCREMENT for table `makes`
--
ALTER TABLE `makes`
  MODIFY `id` int(11) NOT NULL AUTO_INCREMENT, AUTO_INCREMENT=205;

--
-- AUTO_INCREMENT for table `models`
--
ALTER TABLE `models`
  MODIFY `id` int(11) NOT NULL AUTO_INCREMENT, AUTO_INCREMENT=14260;

--
-- AUTO_INCREMENT for table `query_make_model`
--
ALTER TABLE `query_make_model`
  MODIFY `id` int(11) NOT NULL AUTO_INCREMENT, AUTO_INCREMENT=3;

--
-- Constraints for dumped tables
--

--
-- Constraints for table `car_ads`
--
ALTER TABLE `car_ads`
  ADD CONSTRAINT `car_ads_ibfk_1` FOREIGN KEY (`body_type`) REFERENCES `body_styles` (`id`),
  ADD CONSTRAINT `car_ads_ibfk_2` FOREIGN KEY (`fuel_type`) REFERENCES `fuel_types` (`id`),
  ADD CONSTRAINT `car_ads_ibfk_3` FOREIGN KEY (`make`) REFERENCES `makes` (`id`),
  ADD CONSTRAINT `car_ads_ibfk_4` FOREIGN KEY (`model`) REFERENCES `models` (`id`);

--
-- Constraints for table `models`
--
ALTER TABLE `models`
  ADD CONSTRAINT `models_ibfk_1` FOREIGN KEY (`make_id`) REFERENCES `makes` (`id`) ON DELETE CASCADE;

--
-- Constraints for table `query_body_style`
--
ALTER TABLE `query_body_style`
  ADD CONSTRAINT `query_body_style_ibfk_1` FOREIGN KEY (`body_style_id`) REFERENCES `body_styles` (`id`) ON DELETE CASCADE,
  ADD CONSTRAINT `query_body_style_ibfk_2` FOREIGN KEY (`query_id`) REFERENCES `car_queries` (`id`) ON DELETE CASCADE;

--
-- Constraints for table `query_fuel`
--
ALTER TABLE `query_fuel`
  ADD CONSTRAINT `query_fuel_ibfk_1` FOREIGN KEY (`fuel_id`) REFERENCES `fuel_types` (`id`) ON DELETE CASCADE,
  ADD CONSTRAINT `query_fuel_ibfk_2` FOREIGN KEY (`query_id`) REFERENCES `car_queries` (`id`) ON DELETE CASCADE;

--
-- Constraints for table `query_make_model`
--
ALTER TABLE `query_make_model`
  ADD CONSTRAINT `query_make_model_ibfk_1` FOREIGN KEY (`query_id`) REFERENCES `car_queries` (`id`) ON DELETE CASCADE,
  ADD CONSTRAINT `query_make_model_ibfk_2` FOREIGN KEY (`make_id`) REFERENCES `makes` (`id`),
  ADD CONSTRAINT `query_make_model_ibfk_3` FOREIGN KEY (`model_id`) REFERENCES `models` (`id`);
COMMIT;

/*!40101 SET CHARACTER_SET_CLIENT=@OLD_CHARACTER_SET_CLIENT */;
/*!40101 SET CHARACTER_SET_RESULTS=@OLD_CHARACTER_SET_RESULTS */;
/*!40101 SET COLLATION_CONNECTION=@OLD_COLLATION_CONNECTION */;